# https://github.com/mikedh/trimesh
v -0.01074900 -0.00663600 0.09046700
v -0.01090100 -0.00609200 0.09428100
v -0.01090100 0.00636300 0.09256000
v -0.01090100 0.00693700 0.08791200
v -0.01081100 -0.00664200 0.09046700
v -0.01090100 -0.00664600 0.09046700
v -0.01388200 -0.00599600 0.09481800
v -0.01391600 -0.00608600 0.09431900
v -0.01460400 -0.00627700 0.09306200
v -0.01078300 0.00663200 0.09052700
v -0.01442000 0.00631600 0.09287900
v -0.01421800 0.00682700 0.08894200
v -0.01352200 0.00681700 0.08903100
v -0.01574500 -0.00680500 0.08912500
v -0.01587000 -0.00679700 0.08917100
v -0.01599500 -0.00678300 0.08921300
v -0.01612200 -0.00676300 0.08925600
v -0.01466700 -0.00629100 0.09296500
v -0.01366700 0.00681200 0.08907100
v -0.01587000 0.00679600 0.08916800
v -0.01454200 0.00630600 0.09292200
v -0.01584100 0.00683500 0.08885700
v -0.01479300 -0.00626700 0.09300800
v -0.01492100 -0.00624200 0.09305100
v -0.01625100 -0.00673600 0.08930200
v -0.01414000 -0.00596200 0.09487500
v -0.01599500 0.00678300 0.08921300
v -0.01466700 0.00629000 0.09296500
v -0.01612200 0.00676200 0.08925600
v -0.01504800 -0.00620800 0.09309400
v -0.01638000 -0.00670200 0.08934500
v -0.01479300 0.00626800 0.09300800
v -0.01625100 0.00673700 0.08930200
v -0.01543300 -0.00606200 0.09321100
v -0.01530500 -0.00611800 0.09317400
v -0.01517700 -0.00616700 0.09313400
v -0.01651000 -0.00666100 0.08938800
v -0.01492100 0.00624100 0.09305100
v -0.01638000 0.00670300 0.08934500
v -0.01555900 -0.00600100 0.09324800
v -0.01676700 -0.00656100 0.08947000
v -0.01663800 -0.00661400 0.08942800
v -0.01504800 0.00620500 0.09309400
v -0.01651000 0.00666200 0.08938800
v -0.01568400 -0.00593100 0.09328200
v -0.01702000 -0.00643000 0.08954800
v -0.01689500 -0.00649800 0.08950800
v -0.01517700 0.00616500 0.09313400
v -0.01530500 0.00611700 0.09317400
v -0.01543300 0.00606300 0.09321100
v -0.01664000 0.00661500 0.08942800
v -0.01580900 -0.00585600 0.09331600
v -0.01714300 -0.00635500 0.08958200
v -0.01499000 0.00570000 0.09487500
v -0.01676700 0.00656000 0.08947000
v -0.01556100 0.00600000 0.09324800
v -0.01689500 0.00649900 0.08950800
v -0.01592800 -0.00577300 0.09334800
v -0.01726400 -0.00627200 0.08961900
v -0.01568400 0.00593200 0.09328200
v -0.01702000 0.00643100 0.08954800
v -0.01604400 -0.00568500 0.09337600
v -0.01738200 -0.00618400 0.08965000
v -0.01580900 0.00585600 0.09331600
v -0.01714300 0.00635500 0.08958200
v -0.01615800 -0.00559100 0.09340500
v -0.01749400 -0.00609100 0.08968200
v -0.01592800 0.00577600 0.09334800
v -0.01726400 0.00627300 0.08961900
v -0.01626800 -0.00549000 0.09342800
v -0.01760500 -0.00598900 0.08971000
v -0.01604400 0.00568600 0.09337600
v -0.01738200 0.00618500 0.08965000
v -0.01637200 -0.00538400 0.09345100
v -0.01771100 -0.00588200 0.08973600
v -0.01615800 0.00559100 0.09340500
v -0.01749600 0.00608800 0.08968200
v -0.01647100 -0.00527400 0.09347100
v -0.01781000 -0.00577000 0.08975900
v -0.01626800 0.00549100 0.09342800
v -0.01760500 0.00598800 0.08971000
v -0.01656600 -0.00515800 0.09348800
v -0.01790600 -0.00565300 0.08978200
v -0.01637200 0.00538400 0.09345100
v -0.01586300 0.00512100 0.09487500
v -0.01771100 0.00588100 0.08973600
v -0.01607000 -0.00490000 0.09487500
v -0.01665500 -0.00503800 0.09350200
v -0.01799300 -0.00553200 0.08979900
v -0.01647100 0.00527300 0.09347100
v -0.01781000 0.00576900 0.08975900
v -0.01616200 -0.00478300 0.09487500
v -0.01673900 -0.00491400 0.09351300
v -0.01807600 -0.00540600 0.08981600
v -0.01656600 0.00515800 0.09348800
v -0.01790600 0.00565400 0.08978200
v -0.01681500 -0.00478800 0.09352200
v -0.01815300 -0.00527700 0.08983000
v -0.01665500 0.00503700 0.09350200
v -0.01610400 0.00485700 0.09487500
v -0.01799300 0.00553100 0.08979900
v -0.01688500 -0.00465800 0.09352800
v -0.01822300 -0.00514700 0.08983900
v -0.01673900 0.00491300 0.09351300
v -0.01616200 0.00478300 0.09487500
v -0.01807600 0.00540700 0.08981600
v -0.01694800 -0.00452500 0.09353000
v -0.01828600 -0.00501400 0.08984700
v -0.01646400 -0.00427700 0.09487500
v -0.01681500 0.00478600 0.09352200
v -0.01815300 0.00527800 0.08983000
v -0.01700600 -0.00439100 0.09353300
v -0.01834300 -0.00488000 0.08985300
v -0.01688500 0.00465700 0.09352800
v -0.01822300 0.00514600 0.08983900
v -0.01705800 -0.00425700 0.09353000
v -0.01839400 -0.00474200 0.08985600
v -0.01828600 0.00501400 0.08984700
v -0.01694800 0.00452600 0.09353000
v -0.01646400 0.00427800 0.09487500
v -0.01710200 -0.00412100 0.09352800
v -0.01659900 -0.00392400 0.09487500
v -0.01843600 -0.00460700 0.08985600
v -0.01834300 0.00487800 0.08985300
v -0.01700600 0.00439200 0.09353300
v -0.01648400 0.00423100 0.09487500
v -0.01714000 -0.00398500 0.09351900
v -0.01847200 -0.00446900 0.08985300
v -0.01661400 -0.00387500 0.09487500
v -0.01663600 -0.00379000 0.09487500
v -0.01839400 0.00474200 0.08985600
v -0.01705800 0.00425800 0.09353000
v -0.01653900 0.00409700 0.09487500
v -0.01717000 -0.00385100 0.09351100
v -0.01850500 -0.00433200 0.08985000
v -0.01664800 -0.00373900 0.09487500
v -0.01843600 0.00460400 0.08985600
v -0.01710200 0.00412200 0.09352800
v -0.01658700 0.00396300 0.09487500
v -0.01719600 -0.00371900 0.09349900
v -0.01669800 -0.00346900 0.09487500
v -0.01852900 -0.00419700 0.08984200
v -0.01847200 0.00447000 0.08985300
v -0.01714000 0.00398800 0.09351900
v -0.01661400 0.00387600 0.09487500
v -0.01721600 -0.00358500 0.09348800
v -0.01670800 -0.00338600 0.09487500
v -0.01854600 -0.00406200 0.08983300
v -0.01850500 0.00433300 0.08985000
v -0.01717000 0.00385200 0.09351100
v -0.01668600 0.00355300 0.09487500
v -0.01664800 0.00374000 0.09487500
v -0.01809700 -0.00367300 0.09109200
v -0.01671800 -0.00320800 0.09487500
v -0.01852900 0.00419700 0.08984200
v -0.01719600 0.00371600 0.09349900
v -0.01669800 0.00346800 0.09487500
v -0.01672200 -0.00309600 0.09487500
v -0.01854600 0.00406100 0.08983300
v -0.01721600 0.00358400 0.09348800
v -0.01672200 0.00310900 0.09487500
v -0.01809700 0.00367100 0.09109800
v -0.01672000 0.00318200 0.09487500
v -0.03464800 -0.00923100 0.04562000
v -0.03464400 -0.00936100 0.04562000
v -0.03195400 -0.00727700 0.05302300
v -0.03464800 0.00927400 0.04562000
v -0.03463500 -0.00950000 0.04562000
v -0.03463500 0.00950300 0.04562000
v -0.03463100 -0.00955200 0.04562000
v -0.03463300 0.00952800 0.04562000
v -0.03462500 0.00960600 0.04562000
v -0.03462300 -0.00963000 0.04562000
v -0.03460200 0.00976400 0.04562000
v -0.03461900 0.00965400 0.04562000
v -0.03460200 -0.00976400 0.04562000
v -0.03458100 -0.00987500 0.04562000
v -0.03457100 0.00992300 0.04562000
v -0.03456600 -0.00993900 0.04562000
v -0.03454600 -0.01001900 0.04562000
v -0.03452000 -0.01010900 0.04562000
v -0.03450600 0.01015900 0.04562000
v -0.03454100 0.01003600 0.04562000
v -0.03449100 -0.01020100 0.04562000
v -0.03445400 0.01030700 0.04562000
v -0.03446800 -0.01026700 0.04562000
v -0.03444500 -0.01032800 0.04562000
v -0.03442600 0.01037600 0.04562000
v -0.03439500 -0.01044800 0.04562000
v -0.03434100 0.01056500 0.04562000
v -0.03437200 0.01049800 0.04562000
v -0.03437600 -0.01048900 0.04562000
v -0.03435100 -0.01054000 0.04562000
v -0.03427800 0.01068000 0.04562000
v -0.03427400 -0.01068900 0.04562000
v -0.03420100 0.01080800 0.04562000
v -0.03423200 0.01075800 0.04562000
v -0.03424300 -0.01074300 0.04562000
v -0.03420100 -0.01081000 0.04562000
v -0.03408600 0.01097300 0.04562000
v -0.03411300 0.01093500 0.04562000
v -0.03413000 0.01091100 0.04562000
v -0.03411300 -0.01093500 0.04562000
v -0.03408600 -0.01097200 0.04562000
v -0.03404000 0.01103200 0.04562000
v -0.03403400 -0.01104100 0.04562000
v -0.03395600 0.01113300 0.04562000
v -0.03396500 -0.01112300 0.04562000
v -0.03385200 0.01124400 0.04562000
v -0.03392300 -0.01117100 0.04562000
v -0.03384800 -0.01125100 0.04562000
v -0.03383100 -0.01126700 0.04562000
v -0.03383500 0.01126100 0.04562000
v -0.03376400 -0.01132900 0.04562000
v -0.03374900 0.01134300 0.04562000
v -0.03370300 -0.01138300 0.04562000
v -0.03364100 -0.01143500 0.04562000
v -0.03370300 0.01138300 0.04562000
v -0.03356300 -0.01149600 0.04562000
v -0.03360100 0.01146800 0.04562000
v -0.03364700 0.01143100 0.04562000
v -0.03350900 -0.01153600 0.04562000
v -0.03343000 -0.01159100 0.04562000
v -0.03354300 0.01151300 0.04562000
v -0.03331700 -0.01166100 0.04562000
v -0.03339000 0.01161700 0.04562000
v -0.03343600 0.01158600 0.04562000
v -0.03327100 -0.01168700 0.04562000
v -0.03318300 -0.01173500 0.04562000
v -0.03331700 0.01166200 0.04562000
v -0.03303700 -0.01180500 0.04562000
v -0.03325000 0.01170000 0.04562000
v -0.03297600 -0.01183100 0.04562000
v -0.03303700 0.01180600 0.04562000
v -0.03313900 0.01175600 0.04562000
v -0.03289300 -0.01186400 0.04562000
v -0.03278800 -0.01190200 0.04562000
v -0.03287600 0.01187200 0.04562000
v -0.03271700 -0.01192600 0.04562000
v -0.03280100 0.01189800 0.04562000
v -0.03263600 -0.01194900 0.04562000
v -0.03274000 0.01191700 0.04562000
v -0.03262500 0.01195200 0.04562000
v -0.03265600 0.01194300 0.04562000
v -0.03250800 -0.01197800 0.04562000
v -0.03255800 0.01196900 0.04562000
v -0.03237400 -0.01199900 0.04562000
v -0.03251000 0.01198000 0.04562000
v -0.03223900 -0.01202000 0.04562000
v -0.03210500 -0.01203700 0.04562000
v -0.03224100 0.01202300 0.04562000
v -0.03228900 0.01201600 0.04562000
v -0.03197100 -0.01204600 0.04562000
v -0.03215900 0.01203200 0.04562000
v -0.03183700 -0.01204800 0.04562000
v -0.03197100 0.01204700 0.04562000
v -0.03210500 0.01203700 0.04562000
v -0.02723200 -0.01205600 0.04562000
v -0.01600200 0.01205400 0.04562000
v -0.01600200 -0.01205600 0.04562000
v -0.01594500 0.01205100 0.04562000
v -0.01423400 -0.01187600 0.04606600
v -0.01427200 -0.01187900 0.04606600
v -0.01587200 0.01204400 0.04562000
v -0.01424400 0.01187900 0.04606600
v -0.01415100 -0.01186900 0.04606600
v -0.01589700 -0.01204600 0.04562000
v -0.01581800 0.01203500 0.04562000
v -0.01422100 0.01187700 0.04606600
v -0.01414400 0.01186700 0.04606600
v -0.01407700 -0.01185500 0.04606600
v -0.01584500 -0.01203900 0.04562000
v -0.01575500 0.01202100 0.04562000
v -0.01411900 0.01186200 0.04606600
v -0.01406700 0.01185100 0.04606600
v -0.01579100 -0.01202700 0.04562000
v -0.01570500 -0.01200400 0.04562000
v -0.01403100 -0.01184100 0.04606600
v -0.01570700 0.01200400 0.04562000
v -0.01399200 0.01182900 0.04606600
v -0.01565300 -0.01198500 0.04562000
v -0.01400200 -0.01183100 0.04606600
v -0.01563600 0.01197800 0.04562000
v -0.01391900 0.01179900 0.04606600
v -0.01561700 -0.01197100 0.04562000
v -0.01392700 -0.01180300 0.04606600
v -0.01556900 0.01194700 0.04562000
v -0.01387900 0.01178000 0.04606600
v -0.01555100 -0.01193800 0.04562000
v -0.01385200 -0.01176800 0.04606600
v -0.01552100 0.01192100 0.04562000
v -0.01384800 0.01176300 0.04606600
v -0.01377900 0.01172300 0.04606600
v -0.01550500 -0.01191200 0.04562000
v -0.01378100 -0.01172500 0.04606600
v -0.01548400 0.01189800 0.04562000
v -0.01371200 0.01167600 0.04606600
v -0.01376800 0.01171600 0.04606600
v -0.01543600 -0.01186400 0.04562000
v -0.01370100 -0.01166900 0.04606600
v -0.01546700 0.01188600 0.04562000
v -0.01364700 0.01162200 0.04606600
v -0.01537700 0.01181800 0.04562000
v -0.01542100 0.01185300 0.04562000
v -0.01540900 -0.01184300 0.04562000
v -0.01539400 -0.01183100 0.04562000
v -0.01535000 -0.01179400 0.04562000
v -0.01364700 -0.01162100 0.04606600
v -0.01362000 0.01159600 0.04606600
v -0.01533500 0.01178000 0.04562000
v -0.01536000 0.01180300 0.04562000
v -0.01530800 -0.01175300 0.04562000
v -0.01360700 -0.01158400 0.04606600
v -0.01358600 -0.01156000 0.04606600
v -0.01358800 0.01156300 0.04606600
v -0.01528900 0.01173500 0.04562000
v -0.01528100 -0.01172500 0.04562000
v -0.01353800 -0.01150300 0.04606600
v -0.01353400 0.01149900 0.04606600
v -0.01523700 0.01167400 0.04562000
v -0.01522300 -0.01165200 0.04562000
v -0.01352400 -0.01148400 0.04606600
v -0.01348600 -0.01143000 0.04606600
v -0.01518900 0.01160800 0.04562000
v -0.01346100 0.01139300 0.04606600
v -0.01517700 -0.01158800 0.04562000
v -0.01344000 -0.01135500 0.04606600
v -0.01516600 -0.01157200 0.04562000
v -0.01515100 0.01154600 0.04562000
v -0.01340200 0.01128000 0.04606600
v -0.01343200 0.01134100 0.04606600
v -0.01515100 -0.01154600 0.04562000
v -0.01512600 -0.01150100 0.04562000
v -0.01339200 -0.01126000 0.04606600
v -0.01513700 0.01152000 0.04562000
v -0.01511000 0.01146400 0.04562000
v -0.01509100 -0.01142500 0.04562000
v -0.01506800 -0.01136600 0.04562000
v -0.01336500 -0.01118900 0.04606600
v -0.01333500 0.01109100 0.04606600
v -0.01336100 0.01117800 0.04606600
v -0.01337700 0.01122100 0.04606600
v -0.01507600 0.01138800 0.04562000
v -0.01333800 -0.01110200 0.04606600
v -0.01505500 -0.01132900 0.04562000
v -0.01504700 -0.01130300 0.04562000
v -0.01502000 0.01118500 0.04562000
v -0.01502400 0.01120400 0.04562000
v -0.01503900 0.01126800 0.04562000
v -0.01505700 0.01133400 0.04562000
v -0.01506800 0.01136700 0.04562000
v -0.01331900 -0.01101000 0.04606600
v -0.01503200 -0.01124800 0.04562000
v -0.01331000 0.01097000 0.04606600
v -0.01501600 0.01115500 0.04562000
v -0.01501400 -0.01114700 0.04562000
v -0.01330600 -0.01091800 0.04606600
v -0.01330400 0.01090900 0.04606600
v -0.01500700 0.01108400 0.04562000
v -0.01500700 -0.01108800 0.04562000
v -0.01330200 -0.01087600 0.04606600
v -0.01330000 0.01082200 0.04606600
v -0.01500300 0.01102700 0.04562000
v -0.01330000 -0.01082100 0.04606600
v -0.01500500 -0.01106200 0.04562000
v -0.01500300 -0.01100300 0.04562000
v -0.00890100 -0.00000000 0.10537500
v -0.01079900 0.00005100 0.10537200
v -0.01079900 -0.00000000 0.10537500
v -0.00887000 -0.00007500 0.10537000
v -0.00884100 -0.00000000 0.10537300
v -0.00884100 0.00007600 0.10536900
v -0.00890100 0.00022700 0.10535900
v -0.01080000 0.00017300 0.10536400
v -0.01090800 -0.00000000 0.10537300
v -0.01090900 0.00017000 0.10536200
v -0.01090900 -0.00016900 0.10536200
v -0.01080000 -0.00019400 0.10536200
v -0.00890100 -0.00027000 0.10535300
v -0.00887000 -0.00027900 0.10535200
v -0.00880800 -0.00007500 0.10536700
v -0.00881400 -0.00000000 0.10537100
v -0.00877800 0.00007500 0.10536400
v -0.00884100 0.00028000 0.10535100
v -0.00890100 0.00028000 0.10535200
v -0.01080100 0.00032500 0.10534700
v -0.01080000 0.00022700 0.10535900
v -0.01103400 -0.00000000 0.10536500
v -0.01101800 -0.00016600 0.10535700
v -0.01101800 0.00016500 0.10535700
v -0.01090900 0.00029700 0.10534800
v -0.01090900 -0.00029700 0.10534800
v -0.01080000 -0.00027000 0.10535300
v -0.00880800 -0.00027900 0.10534800
v -0.00890100 -0.00027900 0.10535200
v -0.01080100 -0.00044100 0.10533000
v -0.00887000 -0.00048000 0.10532200
v -0.00880800 -0.00048000 0.10531800
v -0.00874800 -0.00007500 0.10536000
v -0.00877800 -0.00000000 0.10536700
v -0.00873200 -0.00000000 0.10536000
v -0.00871500 0.00007500 0.10535300
v -0.00871500 0.00027700 0.10533600
v -0.00877800 0.00027900 0.10534500
v -0.00877800 0.00037800 0.10533200
v -0.00884100 0.00037900 0.10533700
v -0.00890100 0.00048000 0.10532300
v -0.01080100 0.00045000 0.10532800
v -0.01091000 0.00044300 0.10532700
v -0.01123900 -0.00000000 0.10534200
v -0.01112900 -0.00016100 0.10534600
v -0.01112900 0.00016100 0.10534600
v -0.01113000 -0.00028500 0.10533400
v -0.01101900 -0.00029100 0.10534300
v -0.01101900 0.00029100 0.10534300
v -0.01113000 0.00028600 0.10533400
v -0.01102000 0.00043400 0.10532300
v -0.01102000 -0.00043500 0.10532300
v -0.01091000 -0.00044200 0.10532700
v -0.00874800 -0.00027800 0.10534100
v -0.01080100 -0.00054900 0.10530900
v -0.00890100 -0.00054900 0.10530900
v -0.00887000 -0.00068100 0.10527900
v -0.00880800 -0.00068000 0.10527500
v -0.00874800 -0.00047900 0.10531100
v -0.00868800 -0.00007400 0.10534800
v -0.00868800 -0.00000000 0.10535100
v -0.00865000 -0.00000000 0.10534300
v -0.00865400 0.00007300 0.10534000
v -0.00865400 0.00027600 0.10532200
v -0.00865400 0.00047400 0.10529200
v -0.00871500 0.00047700 0.10530500
v -0.00877800 0.00047900 0.10531500
v -0.00884100 0.00048000 0.10532100
v -0.00884100 0.00058100 0.10530100
v -0.01080100 0.00050100 0.10531800
v -0.01091100 0.00060600 0.10529500
v -0.01102200 0.00059500 0.10529200
v -0.01129100 -0.00000000 0.10533400
v -0.01124000 -0.00015600 0.10533300
v -0.01124000 0.00015700 0.10533300
v -0.01124100 -0.00027800 0.10531900
v -0.01124300 -0.00041800 0.10530000
v -0.01113000 -0.00042600 0.10531300
v -0.01113100 0.00042600 0.10531300
v -0.01124300 0.00041700 0.10530000
v -0.01124100 0.00027900 0.10531900
v -0.01113200 0.00058400 0.10528400
v -0.01113200 -0.00058400 0.10528400
v -0.01102200 -0.00059500 0.10529200
v -0.01091100 -0.00060500 0.10529500
v -0.00868800 -0.00027700 0.10533000
v -0.01080300 -0.00069200 0.10527700
v -0.00887000 -0.00078200 0.10525300
v -0.00874800 -0.00067900 0.10526800
v -0.00880800 -0.00078100 0.10524900
v -0.00868800 -0.00047600 0.10530000
v -0.00862900 -0.00027500 0.10531500
v -0.00862900 -0.00007300 0.10533300
v -0.00859300 -0.00000000 0.10532600
v -0.00859300 0.00007200 0.10532300
v -0.00859300 0.00027400 0.10530400
v -0.00859300 0.00047200 0.10527400
v -0.00865400 0.00057500 0.10527200
v -0.00871500 0.00057700 0.10528600
v -0.00877800 0.00058000 0.10529500
v -0.00877800 0.00067900 0.10527200
v -0.00884100 0.00068100 0.10527700
v -0.00890100 0.00068200 0.10527900
v -0.01080100 0.00056200 0.10530600
v -0.01080200 0.00061400 0.10529500
v -0.01080300 0.00076800 0.10525700
v -0.01091300 0.00077700 0.10525300
v -0.01102300 0.00076500 0.10525000
v -0.01113500 0.00075100 0.10524200
v -0.01135200 0.00015100 0.10531400
v -0.01146300 -0.00000000 0.10530000
v -0.01135100 -0.00015200 0.10531400
v -0.01135400 -0.00040700 0.10528200
v -0.01135600 -0.00055900 0.10525500
v -0.01124400 -0.00057200 0.10527100
v -0.01124400 0.00057300 0.10527100
v -0.01135400 0.00040700 0.10528200
v -0.01135600 0.00056000 0.10525500
v -0.01124600 0.00073700 0.10523100
v -0.01124600 -0.00073600 0.10523100
v -0.01113500 -0.00075200 0.10524200
v -0.01102300 -0.00076400 0.10525000
v -0.01091300 -0.00077600 0.10525300
v -0.01080300 -0.00078800 0.10525200
v -0.00887000 -0.00088200 0.10522300
v -0.00868800 -0.00067500 0.10525700
v -0.00874800 -0.00078000 0.10524100
v -0.00880800 -0.00088100 0.10521900
v -0.00862900 -0.00047400 0.10528600
v -0.00857000 -0.00027300 0.10529700
v -0.00857000 -0.00007200 0.10531400
v -0.00853400 -0.00000000 0.10530500
v -0.00853400 0.00007100 0.10530100
v -0.00853400 0.00027200 0.10528400
v -0.00853400 0.00046700 0.10525400
v -0.00859300 0.00067000 0.10523200
v -0.00865400 0.00067300 0.10525000
v -0.00871500 0.00067700 0.10526300
v -0.00877800 0.00078000 0.10524500
v -0.00884100 0.00078100 0.10525100
v -0.00890100 0.00076800 0.10525700
v -0.01080400 0.00081400 0.10524300
v -0.01091400 0.00094200 0.10520100
v -0.01102500 0.00092700 0.10520000
v -0.01113700 0.00091100 0.10519400
v -0.01124900 0.00089400 0.10518500
v -0.01146400 0.00014500 0.10529200
v -0.01146600 0.00039700 0.10526100
v -0.01151700 -0.00000000 0.10528800
v -0.01146400 -0.00014600 0.10529200
v -0.01146600 -0.00039600 0.10526100
v -0.01146800 -0.00054500 0.10523300
v -0.01147100 -0.00070400 0.10519600
v -0.01135800 -0.00072000 0.10521600
v -0.01135800 0.00072000 0.10521600
v -0.01147100 0.00070400 0.10519600
v -0.01146800 0.00054600 0.10523300
v -0.01136200 0.00087500 0.10517000
v -0.01136100 -0.00087600 0.10517000
v -0.01124900 -0.00089500 0.10518500
v -0.01113600 -0.00091100 0.10519400
v -0.01102500 -0.00092700 0.10520000
v -0.01091400 -0.00094100 0.10520100
v -0.00890100 -0.00088200 0.10522300
v -0.01080600 -0.00096400 0.10519600
v -0.00887000 -0.00098400 0.10518900
v -0.00880800 -0.00098200 0.10518600
v -0.00862900 -0.00067200 0.10524200
v -0.00868800 -0.00087600 0.10520100
v -0.00874800 -0.00087800 0.10521200
v -0.00857000 -0.00047000 0.10526700
v -0.00857000 -0.00066800 0.10522500
v -0.00851300 -0.00027000 0.10527500
v -0.00851300 -0.00007100 0.10529300
v -0.00849400 -0.00000000 0.10528900
v -0.00847600 0.00007000 0.10527600
v -0.00847600 0.00026800 0.10525900
v -0.00847600 0.00046400 0.10522900
v -0.00847600 0.00065800 0.10518800
v -0.00853400 0.00066400 0.10521200
v -0.00859300 0.00077000 0.10520600
v -0.00865400 0.00077400 0.10522300
v -0.00871500 0.00077800 0.10523600
v -0.00877800 0.00088000 0.10521600
v -0.00884100 0.00088200 0.10522200
v -0.00890100 0.00088200 0.10522300
v -0.01080500 0.00095500 0.10519900
v -0.01091700 0.00108700 0.10514900
v -0.01102800 0.00107100 0.10514900
v -0.01114000 0.00105300 0.10514400
v -0.01125200 0.00103400 0.10513600
v -0.01136400 0.00101200 0.10512300
v -0.01157800 0.00038500 0.10523400
v -0.01157500 0.00013900 0.10526400
v -0.01158000 0.00053100 0.10520900
v -0.01168600 -0.00000000 0.10524000
v -0.01157500 -0.00014000 0.10526400
v -0.01157800 -0.00038500 0.10523500
v -0.01158000 -0.00053100 0.10520900
v -0.01158300 -0.00068500 0.10517300
v -0.01158600 -0.00083400 0.10512900
v -0.01147400 -0.00085600 0.10515200
v -0.01147400 0.00085500 0.10515200
v -0.01158300 0.00068500 0.10517300
v -0.01158600 0.00083400 0.10512900
v -0.01147800 0.00099000 0.10510700
v -0.01147800 -0.00099000 0.10510700
v -0.01136400 -0.00101300 0.10512300
v -0.01125200 -0.00103400 0.10513600
v -0.01114000 -0.00105300 0.10514400
v -0.01102800 -0.00107200 0.10514900
v -0.01091700 -0.00108700 0.10514900
v -0.01080700 -0.00107300 0.10515700
v -0.00890100 -0.00107300 0.10515700
v -0.00887000 -0.00108200 0.10515200
v -0.00874800 -0.00097900 0.10517900
v -0.00880800 -0.00108100 0.10514900
v -0.00874800 -0.00107900 0.10514200
v -0.00862900 -0.00087100 0.10518700
v -0.00868800 -0.00097500 0.10516700
v -0.00851300 -0.00046700 0.10524500
v -0.00851300 -0.00066300 0.10520300
v -0.00857000 -0.00086500 0.10516900
v -0.00851300 -0.00085800 0.10514900
v -0.00845700 -0.00046200 0.10522100
v -0.00845700 -0.00026800 0.10525000
v -0.00845700 -0.00007000 0.10526700
v -0.00845700 -0.00000000 0.10527100
v -0.00842000 0.00006900 0.10524800
v -0.00842000 0.00026400 0.10523000
v -0.00842000 0.00045800 0.10520100
v -0.00842000 0.00065100 0.10516000
v -0.00842000 0.00084500 0.10510600
v -0.00847600 0.00085400 0.10513200
v -0.00853400 0.00086100 0.10515600
v -0.00859300 0.00086800 0.10517700
v -0.00865400 0.00087300 0.10519300
v -0.00871500 0.00087700 0.10520600
v -0.00877800 0.00098100 0.10518300
v -0.00884100 0.00098300 0.10518800
v -0.00890100 0.00103600 0.10517000
v -0.01080700 0.00105600 0.10516300
v -0.01092000 0.00121300 0.10509700
v -0.01103000 0.00119500 0.10509900
v -0.01114600 0.00128100 0.10504800
v -0.01125800 0.00125800 0.10504200
v -0.01137100 0.00123300 0.10503300
v -0.01148500 0.00120700 0.10501800
v -0.01168900 0.00037200 0.10520400
v -0.01168700 0.00013300 0.10523200
v -0.01169500 0.00066500 0.10514400
v -0.01169200 0.00051500 0.10517900
v -0.01174200 -0.00000000 0.10522300
v -0.01168700 -0.00013300 0.10523200
v -0.01168900 -0.00037300 0.10520400
v -0.01169200 -0.00051500 0.10517900
v -0.01169500 -0.00066600 0.10514400
v -0.01169900 -0.00081000 0.10510300
v -0.01170300 -0.00093900 0.10505900
v -0.01159100 -0.00096500 0.10508500
v -0.01159100 0.00096500 0.10508500
v -0.01169900 0.00081100 0.10510300
v -0.01170300 0.00094000 0.10505900
v -0.01159800 0.00117700 0.10500000
v -0.01159800 -0.00117700 0.10500000
v -0.01148500 -0.00120600 0.10501800
v -0.01137100 -0.00123300 0.10503300
v -0.01125800 -0.00125800 0.10504200
v -0.01114500 -0.00128000 0.10504800
v -0.01103000 -0.00119500 0.10509900
v -0.01080700 -0.00110200 0.10514600
v -0.01092000 -0.00121200 0.10509700
v -0.00887000 -0.00118500 0.10511100
v -0.00868800 -0.00107500 0.10513100
v -0.00880800 -0.00118300 0.10510800
v -0.00874800 -0.00118100 0.10510100
v -0.00862900 -0.00106900 0.10511800
v -0.00845700 -0.00065700 0.10517900
v -0.00857000 -0.00106200 0.10510100
v -0.00851300 -0.00105500 0.10508000
v -0.00845700 -0.00104600 0.10505600
v -0.00845700 -0.00085100 0.10512400
v -0.00840300 -0.00065000 0.10515100
v -0.00840300 -0.00045600 0.10519200
v -0.00840300 -0.00026400 0.10522100
v -0.00840300 -0.00006700 0.10523800
v -0.00842000 -0.00000000 0.10525200
v -0.00836500 0.00006600 0.10521600
v -0.00836500 0.00026100 0.10519800
v -0.00836500 0.00045200 0.10516900
v -0.00836500 0.00064400 0.10512900
v -0.00836500 0.00083500 0.10507500
v -0.00836500 0.00102600 0.10500800
v -0.00842000 0.00103800 0.10503800
v -0.00847600 0.00104900 0.10506500
v -0.00853400 0.00105800 0.10508700
v -0.00859300 0.00096800 0.10514400
v -0.00865400 0.00097400 0.10516000
v -0.00871500 0.00097700 0.10517400
v -0.00877800 0.00108000 0.10514600
v -0.00884100 0.00108300 0.10515100
v -0.00890100 0.00108300 0.10515300
v -0.00890100 0.00118400 0.10511100
v -0.01081100 0.00128100 0.10506900
v -0.01081100 0.00130500 0.10505700
v -0.01092200 0.00131900 0.10504800
v -0.01103400 0.00130200 0.10505000
v -0.01115200 0.00145400 0.10496200
v -0.01126500 0.00142800 0.10495800
v -0.01132200 0.00141500 0.10495500
v -0.01137900 0.00140100 0.10495100
v -0.01149300 0.00137200 0.10493800
v -0.01155000 0.00135700 0.10493100
v -0.01180000 0.00035900 0.10516800
v -0.01179700 0.00012600 0.10519600
v -0.01180300 0.00049800 0.10514400
v -0.01180600 0.00064500 0.10511100
v -0.01181000 0.00078600 0.10507100
v -0.01196300 -0.00000000 0.10514000
v -0.01179700 -0.00012700 0.10519600
v -0.01180000 -0.00036000 0.10516800
v -0.01180200 -0.00049800 0.10514400
v -0.01180600 -0.00064500 0.10511100
v -0.01181000 -0.00078600 0.10507100
v -0.01181400 -0.00091100 0.10503000
v -0.01182300 -0.00111400 0.10495000
v -0.01171100 -0.00114700 0.10497700
v -0.01171100 0.00114700 0.10497700
v -0.01181400 0.00091100 0.10503000
v -0.01182300 0.00111400 0.10495000
v -0.01166300 0.00132300 0.10491300
v -0.01172000 0.00130500 0.10490200
v -0.01172000 -0.00130600 0.10490200
v -0.01166300 -0.00132400 0.10491300
v -0.01155000 -0.00135600 0.10493100
v -0.01149300 -0.00137200 0.10493800
v -0.01137900 -0.00140200 0.10495100
v -0.01126500 -0.00142900 0.10495800
v -0.01115200 -0.00145400 0.10496200
v -0.01103400 -0.00130100 0.10505000
v -0.01080900 -0.00121700 0.10509700
v -0.01092200 -0.00132000 0.10504800
v -0.00887000 -0.00128500 0.10506700
v -0.00868800 -0.00117600 0.10509000
v -0.00880800 -0.00128400 0.10506300
v -0.00874800 -0.00128000 0.10505600
v -0.00862900 -0.00117000 0.10507700
v -0.00857000 -0.00126100 0.10501600
v -0.00851300 -0.00125200 0.10499600
v -0.00845700 -0.00124100 0.10497300
v -0.00840300 -0.00123000 0.10494600
v -0.00840300 -0.00103500 0.10502900
v -0.00840300 -0.00084200 0.10509600
v -0.00835000 -0.00064100 0.10511900
v -0.00835000 -0.00045000 0.10516000
v -0.00835000 -0.00083200 0.10506600
v -0.00835000 -0.00026100 0.10518900
v -0.00835000 -0.00006600 0.10520600
v -0.00834900 -0.00000000 0.10520900
v -0.00831400 0.00006400 0.10518100
v -0.00831400 0.00025700 0.10516300
v -0.00831400 0.00044600 0.10513600
v -0.00831400 0.00063600 0.10509400
v -0.00831400 0.00082500 0.10504200
v -0.00831400 0.00101500 0.10497500
v -0.00831400 0.00120600 0.10489400
v -0.00836500 0.00122000 0.10492600
v -0.00842000 0.00123400 0.10495500
v -0.00847600 0.00124500 0.10498100
v -0.00853400 0.00115800 0.10504700
v -0.00859300 0.00106500 0.10510800
v -0.00865400 0.00107200 0.10512400
v -0.00871500 0.00107700 0.10513700
v -0.00877800 0.00118200 0.10510500
v -0.00884100 0.00118400 0.10511000
v -0.00890100 0.00130500 0.10505700
v -0.00890100 0.00146900 0.10497500
v -0.01081700 0.00150200 0.10495700
v -0.01092800 0.00149700 0.10495800
v -0.01104000 0.00147600 0.10496200
v -0.01115900 0.00159300 0.10488300
v -0.01127300 0.00156800 0.10488100
v -0.01145200 0.00163600 0.10480300
v -0.01156600 0.00160200 0.10479200
v -0.01168000 0.00156400 0.10477800
v -0.01191000 0.00034700 0.10512900
v -0.01191300 0.00048000 0.10510600
v -0.01190700 0.00011900 0.10515500
v -0.01192000 0.00076000 0.10503500
v -0.01191600 0.00062300 0.10507300
v -0.01192500 0.00088200 0.10499600
v -0.01217600 -0.00000000 0.10504000
v -0.01201600 -0.00011200 0.10511100
v -0.01190700 -0.00012000 0.10515500
v -0.01201600 0.00011200 0.10511000
v -0.01212200 0.00010400 0.10506100
v -0.01191000 -0.00034600 0.10512900
v -0.01191300 -0.00048100 0.10510600
v -0.01191600 -0.00062300 0.10507300
v -0.01192000 -0.00076000 0.10503500
v -0.01192500 -0.00088200 0.10499600
v -0.01193400 -0.00107900 0.10491900
v -0.01183200 -0.00127000 0.10487800
v -0.01183200 0.00126900 0.10487800
v -0.01193400 0.00107900 0.10491900
v -0.01173700 0.00154400 0.10476900
v -0.01185000 0.00150300 0.10474800
v -0.01185000 -0.00150300 0.10474800
v -0.01173700 -0.00154400 0.10476900
v -0.01168000 -0.00156400 0.10477800
v -0.01150100 -0.00150600 0.10486500
v -0.01138700 -0.00153800 0.10487600
v -0.01127200 -0.00156700 0.10488100
v -0.01115900 -0.00159400 0.10488300
v -0.01103900 -0.00147600 0.10496200
v -0.01081200 -0.00133600 0.10504200
v -0.01092800 -0.00149700 0.10495800
v -0.01081500 -0.00146500 0.10497700
v -0.00890100 -0.00132600 0.10504700
v -0.00887000 -0.00146900 0.10497400
v -0.00880800 -0.00146600 0.10497100
v -0.00868800 -0.00127500 0.10504600
v -0.00874800 -0.00146300 0.10496500
v -0.00862900 -0.00127000 0.10503300
v -0.00857000 -0.00144200 0.10492600
v -0.00851300 -0.00143300 0.10490600
v -0.00845700 -0.00142000 0.10488400
v -0.00835000 -0.00121600 0.10491700
v -0.00835000 -0.00102300 0.10499900
v -0.00840300 -0.00140600 0.10485800
v -0.00835000 -0.00139000 0.10482900
v -0.00830000 -0.00063300 0.10508400
v -0.00830000 -0.00044500 0.10512500
v -0.00830000 -0.00082200 0.10503200
v -0.00830000 -0.00101100 0.10496600
v -0.00830000 -0.00025600 0.10515300
v -0.00830000 -0.00006400 0.10517000
v -0.00831400 -0.00000000 0.10518400
v -0.00826400 0.00006200 0.10514300
v -0.00828300 -0.00000000 0.10516000
v -0.00826400 0.00025300 0.10512500
v -0.00826400 0.00043900 0.10509700
v -0.00826400 0.00062700 0.10505700
v -0.00826400 0.00081300 0.10500500
v -0.00826400 0.00100000 0.10493900
v -0.00826400 0.00118900 0.10485900
v -0.00826400 0.00136100 0.10477400
v -0.00831400 0.00137900 0.10480800
v -0.00836500 0.00139500 0.10483900
v -0.00842000 0.00141100 0.10486600
v -0.00853400 0.00125600 0.10500400
v -0.00847600 0.00142400 0.10489100
v -0.00853400 0.00143600 0.10491400
v -0.00859300 0.00116600 0.10506700
v -0.00865400 0.00117300 0.10508300
v -0.00871500 0.00117900 0.10509500
v -0.00877800 0.00128200 0.10506100
v -0.00884100 0.00128400 0.10506600
v -0.00884100 0.00146800 0.10497300
v -0.00890100 0.00156800 0.10492000
v -0.01081900 0.00156800 0.10492000
v -0.01093300 0.00163900 0.10487600
v -0.01104600 0.00161800 0.10488100
v -0.01116600 0.00171100 0.10481000
v -0.01128000 0.00168300 0.10481000
v -0.01133700 0.00166800 0.10480900
v -0.01139500 0.00165200 0.10480600
v -0.01141000 0.00183800 0.10468000
v -0.01152500 0.00180300 0.10467500
v -0.01164100 0.00176500 0.10466600
v -0.01175500 0.00172200 0.10465200
v -0.01201900 0.00033100 0.10508500
v -0.01202100 0.00046300 0.10506300
v -0.01197100 0.00061100 0.10505300
v -0.01202500 0.00060000 0.10503200
v -0.01203500 0.00085200 0.10495700
v -0.01204400 0.00104300 0.10488300
v -0.01222800 0.00009600 0.10500700
v -0.01237600 -0.00000000 0.10492500
v -0.01222800 -0.00009600 0.10500700
v -0.01212200 -0.00010500 0.10506100
v -0.01212600 -0.00031700 0.10503700
v -0.01201900 -0.00033200 0.10508500
v -0.01212600 0.00031600 0.10503700
v -0.01217900 0.00030900 0.10501100
v -0.01202100 -0.00046200 0.10506300
v -0.01197100 -0.00061100 0.10505300
v -0.01203500 -0.00085100 0.10495700
v -0.01202500 -0.00060000 0.10503200
v -0.01204400 -0.00104200 0.10488300
v -0.01205400 -0.00119000 0.10481500
v -0.01194400 -0.00123100 0.10484800
v -0.01196300 -0.00145800 0.10472300
v -0.01194400 0.00123000 0.10484800
v -0.01196300 0.00145900 0.10472300
v -0.01205400 0.00119000 0.10481500
v -0.01186900 0.00167800 0.10463500
v -0.01198200 0.00163000 0.10461300
v -0.01198200 -0.00163100 0.10461300
v -0.01186900 -0.00167700 0.10463500
v -0.01175500 -0.00172200 0.10465200
v -0.01156600 -0.00160100 0.10479200
v -0.01164100 -0.00176400 0.10466600
v -0.01150900 -0.00161900 0.10479700
v -0.01139500 -0.00165300 0.10480600
v -0.01128000 -0.00168300 0.10481000
v -0.01116600 -0.00171100 0.10481000
v -0.01104600 -0.00161800 0.10488100
v -0.01082000 -0.00158500 0.10491000
v -0.01093300 -0.00164000 0.10487600
v -0.00890100 -0.00158500 0.10491000
v -0.00890100 -0.00146900 0.10497500
v -0.00880800 -0.00165500 0.10486300
v -0.00868800 -0.00145800 0.10495500
v -0.00874800 -0.00165200 0.10485600
v -0.00868800 -0.00164600 0.10484700
v -0.00862900 -0.00145100 0.10494100
v -0.00857000 -0.00162800 0.10481900
v -0.00851300 -0.00161600 0.10479900
v -0.00845700 -0.00160400 0.10477800
v -0.00840300 -0.00158800 0.10475300
v -0.00830000 -0.00120000 0.10488500
v -0.00830000 -0.00137400 0.10479800
v -0.00835000 -0.00157100 0.10472500
v -0.00825100 -0.00062400 0.10504700
v -0.00825100 -0.00043800 0.10508600
v -0.00825100 -0.00025100 0.10511500
v -0.00825100 -0.00081000 0.10499500
v -0.00825100 -0.00118400 0.10485000
v -0.00825100 -0.00099700 0.10492900
v -0.00825100 -0.00006100 0.10513100
v -0.00821800 0.00005900 0.10510200
v -0.00821800 0.00024800 0.10508500
v -0.00825100 -0.00000000 0.10513500
v -0.00822000 -0.00000000 0.10510700
v -0.00821800 0.00043200 0.10505700
v -0.00821800 0.00061700 0.10501700
v -0.00821800 0.00080100 0.10496600
v -0.00821800 0.00098500 0.10490100
v -0.00821800 0.00117200 0.10482200
v -0.00821800 0.00151600 0.10463700
v -0.00826400 0.00153700 0.10467200
v -0.00821800 0.00134200 0.10473800
v -0.00831400 0.00155700 0.10470400
v -0.00836500 0.00157600 0.10473500
v -0.00842000 0.00159200 0.10476100
v -0.00847600 0.00160800 0.10478600
v -0.00859300 0.00126400 0.10502200
v -0.00859300 0.00144600 0.10493200
v -0.00853400 0.00162000 0.10480700
v -0.00859300 0.00163200 0.10482500
v -0.00865400 0.00127200 0.10503900
v -0.00871500 0.00127800 0.10505100
v -0.00871500 0.00146100 0.10496000
v -0.00877800 0.00146600 0.10496800
v -0.00884100 0.00165700 0.10486500
v -0.00890100 0.00165800 0.10486600
v -0.01082600 0.00172000 0.10482700
v -0.01094000 0.00175900 0.10479900
v -0.01105300 0.00173600 0.10480700
v -0.01118000 0.00190200 0.10467900
v -0.01129500 0.00187100 0.10468100
v -0.01142700 0.00199000 0.10456700
v -0.01154200 0.00195200 0.10456400
v -0.01165800 0.00191100 0.10455700
v -0.01177300 0.00186800 0.10454700
v -0.01188700 0.00182100 0.10453100
v -0.01207900 0.00058800 0.10500900
v -0.01213300 0.00057600 0.10498500
v -0.01212900 0.00044300 0.10501400
v -0.01208900 0.00083500 0.10493600
v -0.01215300 0.00100400 0.10484300
v -0.01216300 0.00114700 0.10477800
v -0.01223100 0.00030100 0.10498300
v -0.01233300 0.00028400 0.10492700
v -0.01233000 0.00008800 0.10494800
v -0.01243100 0.00007900 0.10488700
v -0.01256600 -0.00000000 0.10479800
v -0.01243100 -0.00007900 0.10488700
v -0.01233000 -0.00008700 0.10494800
v -0.01233300 -0.00028500 0.10492700
v -0.01223100 -0.00030000 0.10498300
v -0.01217900 -0.00030900 0.10501100
v -0.01212900 -0.00044200 0.10501400
v -0.01223800 0.00055000 0.10493500
v -0.01213300 -0.00057600 0.10498500
v -0.01207900 -0.00058800 0.10500900
v -0.01208900 -0.00083500 0.10493600
v -0.01215300 -0.00100400 0.10484300
v -0.01216200 -0.00114700 0.10477800
v -0.01212900 -0.00138800 0.10467800
v -0.01207300 -0.00141300 0.10469500
v -0.01209300 -0.00158000 0.10458800
v -0.01209300 0.00158100 0.10458800
v -0.01207300 0.00141200 0.10469400
v -0.01212900 0.00138800 0.10467800
v -0.01200000 0.00177000 0.10451300
v -0.01211200 0.00171800 0.10449000
v -0.01211200 -0.00171700 0.10449000
v -0.01200000 -0.00177000 0.10451300
v -0.01188700 -0.00182000 0.10453100
v -0.01177300 -0.00186700 0.10454700
v -0.01152500 -0.00180300 0.10467500
v -0.01165800 -0.00191200 0.10455700
v -0.01141000 -0.00183900 0.10468000
v -0.01129500 -0.00187200 0.10468100
v -0.01105300 -0.00173600 0.10480700
v -0.01118000 -0.00190100 0.10467900
v -0.01082300 -0.00165900 0.10486600
v -0.01094000 -0.00175800 0.10479900
v -0.01082600 -0.00171500 0.10483000
v -0.00887000 -0.00165800 0.10486600
v -0.00880800 -0.00184500 0.10473900
v -0.00874800 -0.00184000 0.10473300
v -0.00862900 -0.00163800 0.10483400
v -0.00868800 -0.00183400 0.10472300
v -0.00862900 -0.00182500 0.10471100
v -0.00857000 -0.00181500 0.10469600
v -0.00851300 -0.00180200 0.10467800
v -0.00845700 -0.00178800 0.10465700
v -0.00840300 -0.00177100 0.10463300
v -0.00835000 -0.00175200 0.10460600
v -0.00830000 -0.00155200 0.10469600
v -0.00825100 -0.00153200 0.10466300
v -0.00825100 -0.00135500 0.10476300
v -0.00820500 -0.00061400 0.10500600
v -0.00820500 -0.00043000 0.10504500
v -0.00820500 -0.00079700 0.10495500
v -0.00820500 -0.00024600 0.10507300
v -0.00820500 -0.00005900 0.10509000
v -0.00820500 -0.00098100 0.10489000
v -0.00820500 -0.00116600 0.10481200
v -0.00820500 -0.00133600 0.10472600
v -0.00817400 0.00005700 0.10505800
v -0.00817400 0.00024200 0.10504100
v -0.00817400 0.00042400 0.10501400
v -0.00816800 -0.00000000 0.10505400
v -0.00817400 0.00060700 0.10497500
v -0.00817400 0.00078800 0.10492400
v -0.00817400 0.00097000 0.10486000
v -0.00817400 0.00115300 0.10478200
v -0.00817400 0.00132000 0.10469900
v -0.00817400 0.00149300 0.10459900
v -0.00817400 0.00166700 0.10448500
v -0.00821800 0.00169200 0.10452100
v -0.00826400 0.00171700 0.10455500
v -0.00831400 0.00173800 0.10458600
v -0.00836500 0.00175800 0.10461400
v -0.00842000 0.00177600 0.10464100
v -0.00847600 0.00179300 0.10466400
v -0.00853400 0.00180700 0.10468400
v -0.00865400 0.00145400 0.10494700
v -0.00865400 0.00164200 0.10484000
v -0.00859300 0.00182000 0.10470200
v -0.00871500 0.00164900 0.10485200
v -0.00877800 0.00165300 0.10486000
v -0.00877800 0.00184300 0.10473600
v -0.00884100 0.00184500 0.10474100
v -0.00890100 0.00182000 0.10476000
v -0.01082900 0.00177900 0.10478900
v -0.01095300 0.00195200 0.10466400
v -0.01106700 0.00192700 0.10467300
v -0.01119600 0.00205500 0.10456100
v -0.01131100 0.00202400 0.10456600
v -0.01145900 0.00223100 0.10436300
v -0.01157600 0.00219100 0.10436400
v -0.01169200 0.00214800 0.10436100
v -0.01180800 0.00210100 0.10435400
v -0.01192400 0.00205100 0.10434300
v -0.01203800 0.00199700 0.10432900
v -0.01218600 0.00056300 0.10496100
v -0.01214200 0.00081900 0.10491400
v -0.01224900 0.00078500 0.10486600
v -0.01225900 0.00096400 0.10479800
v -0.01226900 0.00110200 0.10473600
v -0.01218300 0.00136400 0.10466100
v -0.01223700 0.00133800 0.10464200
v -0.01229000 0.00131200 0.10462300
v -0.01243500 0.00026800 0.10486500
v -0.01234100 0.00052500 0.10488000
v -0.01244200 0.00049800 0.10482100
v -0.01253400 0.00025000 0.10480000
v -0.01252900 0.00007000 0.10482000
v -0.01262400 -0.00000000 0.10475400
v -0.01262500 -0.00006100 0.10475000
v -0.01252900 -0.00007000 0.10482000
v -0.01262500 0.00006100 0.10475000
v -0.01253400 -0.00025000 0.10480000
v -0.01243500 -0.00026800 0.10486500
v -0.01244200 -0.00049700 0.10482100
v -0.01234100 -0.00052400 0.10488000
v -0.01223800 -0.00055100 0.10493500
v -0.01218600 -0.00056300 0.10496100
v -0.01235100 0.00075000 0.10481500
v -0.01224900 -0.00078400 0.10486600
v -0.01214200 -0.00081800 0.10491400
v -0.01226900 -0.00110200 0.10473600
v -0.01225900 -0.00096400 0.10479800
v -0.01229000 -0.00131200 0.10462400
v -0.01223700 -0.00133900 0.10464200
v -0.01218300 -0.00136300 0.10466100
v -0.01227600 -0.00163200 0.10444700
v -0.01222200 -0.00166100 0.10446200
v -0.01216700 -0.00168900 0.10447700
v -0.01216700 0.00169000 0.10447700
v -0.01222200 0.00166100 0.10446200
v -0.01215000 0.00193900 0.10431000
v -0.01226100 0.00187800 0.10428800
v -0.01226100 -0.00187900 0.10428800
v -0.01215000 -0.00193900 0.10431000
v -0.01203800 -0.00199600 0.10432900
v -0.01192400 -0.00205000 0.10434300
v -0.01180800 -0.00210100 0.10435400
v -0.01154200 -0.00195200 0.10456400
v -0.01169200 -0.00214700 0.10436100
v -0.01142700 -0.00198900 0.10456700
v -0.01131100 -0.00202300 0.10456600
v -0.01106700 -0.00192800 0.10467300
v -0.01119600 -0.00205500 0.10456100
v -0.01095300 -0.00195200 0.10466400
v -0.01083200 -0.00183800 0.10474800
v -0.01082900 -0.00177800 0.10478900
v -0.00890100 -0.00183800 0.10474800
v -0.00887000 -0.00184600 0.10474200
v -0.00880800 -0.00203700 0.10459600
v -0.00874800 -0.00203300 0.10459000
v -0.00868800 -0.00202600 0.10458100
v -0.00862900 -0.00201600 0.10456900
v -0.00857000 -0.00200400 0.10455500
v -0.00851300 -0.00199000 0.10453700
v -0.00845700 -0.00197500 0.10451800
v -0.00840300 -0.00195800 0.10449400
v -0.00835000 -0.00193800 0.10447000
v -0.00830000 -0.00173100 0.10457700
v -0.00825100 -0.00171000 0.10454600
v -0.00820500 -0.00151000 0.10462700
v -0.00820500 -0.00168600 0.10451200
v -0.00816200 -0.00060300 0.10496300
v -0.00816200 -0.00042200 0.10500200
v -0.00816200 -0.00078400 0.10491300
v -0.00816200 -0.00024100 0.10502900
v -0.00816200 -0.00005700 0.10504500
v -0.00816200 -0.00096500 0.10484900
v -0.00816200 -0.00114800 0.10477100
v -0.00816200 -0.00131500 0.10468700
v -0.00813200 0.00005500 0.10501100
v -0.00813200 0.00023600 0.10499600
v -0.00813200 -0.00000000 0.10501400
v -0.00813200 0.00041600 0.10496800
v -0.00813200 0.00059500 0.10493000
v -0.00813200 0.00077400 0.10488000
v -0.00813200 0.00095200 0.10481700
v -0.00813200 0.00113400 0.10474000
v -0.00813200 0.00129900 0.10465800
v -0.00813200 0.00146900 0.10456000
v -0.00813200 0.00164000 0.10444700
v -0.00813200 0.00181600 0.10431600
v -0.00817400 0.00184500 0.10435200
v -0.00821800 0.00187200 0.10438700
v -0.00826400 0.00189800 0.10441900
v -0.00831400 0.00192200 0.10444900
v -0.00836500 0.00194300 0.10447700
v -0.00842000 0.00196300 0.10450200
v -0.00847600 0.00198000 0.10452400
v -0.00853400 0.00199700 0.10454400
v -0.00865400 0.00182900 0.10471600
v -0.00859300 0.00201000 0.10456100
v -0.00871500 0.00183700 0.10472800
v -0.00871500 0.00202800 0.10458600
v -0.00877800 0.00203400 0.10459300
v -0.00884100 0.00203900 0.10459700
v -0.00890100 0.00203900 0.10459900
v -0.01083900 0.00193900 0.10467500
v -0.01083200 0.00182000 0.10476000
v -0.01085100 0.00208000 0.10456600
v -0.01096800 0.00210700 0.10454100
v -0.01108100 0.00208200 0.10455300
v -0.01122700 0.00229900 0.10434900
v -0.01134400 0.00226600 0.10435800
v -0.01143500 0.00244300 0.10417300
v -0.01149400 0.00242400 0.10417600
v -0.01155300 0.00240400 0.10417900
v -0.01161100 0.00238300 0.10418000
v -0.01167000 0.00236100 0.10418100
v -0.01172900 0.00233800 0.10418100
v -0.01178700 0.00231400 0.10418000
v -0.01184500 0.00228800 0.10417800
v -0.01196100 0.00223600 0.10417000
v -0.01207600 0.00217900 0.10415900
v -0.01218900 0.00212000 0.10414400
v -0.01236300 0.00092200 0.10475000
v -0.01237300 0.00105600 0.10468900
v -0.01234200 0.00128600 0.10460300
v -0.01239400 0.00125900 0.10458200
v -0.01233000 0.00160300 0.10443200
v -0.01254100 0.00047000 0.10475800
v -0.01245300 0.00071300 0.10475900
v -0.01255200 0.00067600 0.10470000
v -0.01262900 0.00023300 0.10473200
v -0.01263700 0.00044100 0.10469200
v -0.01274600 -0.00000000 0.10465600
v -0.01272200 -0.00021500 0.10465900
v -0.01262900 -0.00023200 0.10473200
v -0.01272200 0.00021400 0.10465900
v -0.01263700 -0.00044100 0.10469200
v -0.01254100 -0.00046900 0.10475800
v -0.01255200 -0.00067500 0.10470000
v -0.01245300 -0.00071300 0.10475900
v -0.01235100 -0.00074900 0.10481500
v -0.01236300 -0.00092200 0.10475000
v -0.01237300 -0.00105500 0.10468900
v -0.01239400 -0.00125900 0.10458200
v -0.01234200 -0.00128600 0.10460300
v -0.01238200 -0.00157200 0.10441400
v -0.01232900 -0.00160200 0.10443200
v -0.01236900 -0.00181500 0.10426100
v -0.01236900 0.00181500 0.10426100
v -0.01230000 0.00205600 0.10412500
v -0.01240800 0.00199000 0.10410200
v -0.01240800 -0.00198900 0.10410200
v -0.01230000 -0.00205600 0.10412500
v -0.01218900 -0.00211900 0.10414400
v -0.01207600 -0.00218000 0.10415900
v -0.01196100 -0.00223600 0.10417000
v -0.01184500 -0.00228900 0.10417800
v -0.01157600 -0.00219100 0.10436400
v -0.01178700 -0.00231400 0.10418000
v -0.01172900 -0.00233800 0.10418100
v -0.01145900 -0.00223100 0.10436300
v -0.01134300 -0.00226700 0.10435800
v -0.01108100 -0.00208300 0.10455300
v -0.01122700 -0.00230000 0.10434900
v -0.01096800 -0.00210800 0.10454100
v -0.01084200 -0.00197200 0.10465100
v -0.00887000 -0.00204000 0.10459800
v -0.00887000 -0.00224000 0.10443000
v -0.00880800 -0.00223800 0.10442700
v -0.00874800 -0.00223200 0.10442200
v -0.00868800 -0.00222500 0.10441400
v -0.00862900 -0.00221500 0.10440300
v -0.00857000 -0.00220200 0.10438800
v -0.00851300 -0.00218800 0.10437200
v -0.00845700 -0.00217100 0.10435300
v -0.00840300 -0.00215200 0.10433200
v -0.00835000 -0.00213000 0.10430700
v -0.00830000 -0.00210600 0.10428000
v -0.00830000 -0.00191500 0.10444100
v -0.00825100 -0.00189100 0.10441100
v -0.00820500 -0.00186500 0.10437800
v -0.00816200 -0.00148600 0.10458900
v -0.00816200 -0.00183700 0.10434300
v -0.00816200 -0.00166000 0.10447500
v -0.00812100 -0.00059200 0.10491700
v -0.00812100 -0.00077000 0.10486700
v -0.00812100 -0.00041400 0.10495500
v -0.00812100 -0.00023500 0.10498200
v -0.00812100 -0.00094800 0.10480500
v -0.00812100 -0.00005300 0.10499800
v -0.00812100 -0.00112800 0.10472900
v -0.00812100 -0.00146200 0.10454900
v -0.00812100 -0.00129200 0.10464600
v -0.00809400 0.00005100 0.10496300
v -0.00811400 -0.00000000 0.10499200
v -0.00809400 0.00023200 0.10494600
v -0.00809400 0.00040700 0.10492100
v -0.00809400 0.00058300 0.10488300
v -0.00809400 0.00075900 0.10483300
v -0.00809400 0.00093500 0.10477200
v -0.00809400 0.00111300 0.10469600
v -0.00809400 0.00127600 0.10461400
v -0.00809400 0.00144300 0.10451800
v -0.00809400 0.00161200 0.10440700
v -0.00809400 0.00178600 0.10427800
v -0.00809400 0.00196900 0.10412500
v -0.00813200 0.00200100 0.10416100
v -0.00817400 0.00203200 0.10419600
v -0.00821800 0.00206100 0.10422900
v -0.00826400 0.00208800 0.10426000
v -0.00831400 0.00211400 0.10428900
v -0.00836500 0.00213700 0.10431400
v -0.00842000 0.00215800 0.10433800
v -0.00847600 0.00217700 0.10436000
v -0.00853400 0.00219400 0.10437800
v -0.00865400 0.00202000 0.10457400
v -0.00859300 0.00220800 0.10439500
v -0.00865400 0.00221900 0.10440800
v -0.00871500 0.00222900 0.10441800
v -0.00877800 0.00223500 0.10442500
v -0.00884100 0.00223900 0.10442900
v -0.00890100 0.00208000 0.10456600
v -0.01086000 0.00217100 0.10449000
v -0.01098300 0.00223900 0.10442800
v -0.01111200 0.00232800 0.10433800
v -0.01126000 0.00249500 0.10415700
v -0.01137700 0.00246200 0.10416800
v -0.01141200 0.00262700 0.10399100
v -0.01168400 0.00269200 0.10384200
v -0.01180200 0.00264400 0.10384800
v -0.01186100 0.00261900 0.10384900
v -0.01197800 0.00256500 0.10384900
v -0.01190300 0.00226300 0.10417400
v -0.01203700 0.00253700 0.10384800
v -0.01215300 0.00247700 0.10384200
v -0.01226700 0.00241300 0.10383200
v -0.01237800 0.00234500 0.10381900
v -0.01247500 0.00100800 0.10463900
v -0.01246500 0.00087900 0.10469700
v -0.01244600 0.00123100 0.10455900
v -0.01243500 0.00154100 0.10439600
v -0.01248700 0.00150900 0.10437600
v -0.01253800 0.00147600 0.10435600
v -0.01247500 0.00174800 0.10423000
v -0.01264800 0.00063700 0.10463600
v -0.01256300 0.00083400 0.10464000
v -0.01273000 0.00041100 0.10462100
v -0.01269500 0.00061700 0.10460200
v -0.01274100 0.00059700 0.10456800
v -0.01289400 -0.00000000 0.10452100
v -0.01281200 -0.00019600 0.10458300
v -0.01281200 0.00019500 0.10458300
v -0.01281900 -0.00038100 0.10454700
v -0.01273000 -0.00041200 0.10462100
v -0.01281900 0.00038200 0.10454700
v -0.01269500 -0.00061700 0.10460200
v -0.01264800 -0.00063700 0.10463600
v -0.01260000 -0.00065700 0.10466800
v -0.01256300 -0.00083400 0.10464000
v -0.01246500 -0.00087800 0.10469700
v -0.01247500 -0.00100700 0.10463900
v -0.01249600 -0.00120400 0.10453500
v -0.01244600 -0.00123100 0.10455900
v -0.01253800 -0.00147700 0.10435600
v -0.01248700 -0.00150900 0.10437600
v -0.01243500 -0.00154000 0.10439600
v -0.01247500 -0.00174900 0.10423000
v -0.01251500 -0.00191900 0.10407500
v -0.01251500 0.00191900 0.10407500
v -0.01248800 0.00227300 0.10380300
v -0.01259600 0.00219800 0.10378200
v -0.01259500 -0.00219800 0.10378200
v -0.01248800 -0.00227400 0.10380300
v -0.01237800 -0.00234500 0.10381900
v -0.01226700 -0.00241200 0.10383200
v -0.01215300 -0.00247700 0.10384200
v -0.01190300 -0.00226300 0.10417400
v -0.01203700 -0.00253600 0.10384800
v -0.01197800 -0.00256500 0.10384900
v -0.01192000 -0.00259300 0.10384900
v -0.01167000 -0.00236100 0.10418100
v -0.01161100 -0.00238300 0.10418000
v -0.01186100 -0.00261900 0.10384900
v -0.01180200 -0.00264400 0.10384800
v -0.01164800 -0.00254700 0.10400700
v -0.01149400 -0.00242400 0.10417600
v -0.01137700 -0.00246100 0.10416800
v -0.01111200 -0.00232800 0.10433800
v -0.01098300 -0.00223900 0.10442800
v -0.01126000 -0.00249500 0.10415700
v -0.01086700 -0.00223200 0.10443900
v -0.01085600 -0.00212900 0.10452600
v -0.00890100 -0.00209700 0.10455200
v -0.00890100 -0.00236500 0.10431500
v -0.00880800 -0.00244400 0.10423200
v -0.00874800 -0.00243900 0.10422700
v -0.00868800 -0.00243100 0.10421900
v -0.00862900 -0.00242000 0.10420800
v -0.00857000 -0.00240800 0.10419500
v -0.00851300 -0.00239200 0.10418000
v -0.00845700 -0.00237500 0.10416100
v -0.00840300 -0.00235400 0.10414100
v -0.00835000 -0.00233000 0.10411800
v -0.00825100 -0.00208100 0.10425200
v -0.00830000 -0.00230600 0.10409200
v -0.00825100 -0.00227900 0.10406600
v -0.00820500 -0.00205200 0.10422000
v -0.00816200 -0.00202300 0.10418700
v -0.00812100 -0.00180800 0.10430600
v -0.00812100 -0.00199200 0.10415200
v -0.00812100 -0.00163300 0.10443600
v -0.00808400 -0.00058000 0.10486800
v -0.00808400 -0.00040500 0.10490600
v -0.00808400 -0.00093000 0.10475800
v -0.00808400 -0.00075500 0.10481900
v -0.00808400 -0.00022900 0.10493200
v -0.00808400 -0.00005100 0.10494800
v -0.00808400 -0.00110700 0.10468300
v -0.00809400 -0.00000000 0.10496600
v -0.00808400 -0.00160500 0.10439600
v -0.00808400 -0.00143600 0.10450600
v -0.00808400 -0.00126800 0.10460200
v -0.00805900 0.00004800 0.10491100
v -0.00805900 0.00022500 0.10489600
v -0.00806600 -0.00000000 0.10492500
v -0.00805900 0.00039800 0.10487000
v -0.00805900 0.00057200 0.10483300
v -0.00805900 0.00074400 0.10478500
v -0.00805900 0.00091700 0.10472400
v -0.00805900 0.00109200 0.10464900
v -0.00805900 0.00125100 0.10457000
v -0.00805900 0.00141700 0.10447500
v -0.00805900 0.00158400 0.10436500
v -0.00805900 0.00175400 0.10423800
v -0.00805900 0.00193500 0.10408700
v -0.00805900 0.00212300 0.10390900
v -0.00809400 0.00215800 0.10394500
v -0.00813200 0.00219400 0.10398000
v -0.00817400 0.00222600 0.10401300
v -0.00821800 0.00225700 0.10404400
v -0.00826400 0.00228600 0.10407300
v -0.00831400 0.00231300 0.10410100
v -0.00836500 0.00233800 0.10412500
v -0.00842000 0.00236000 0.10414800
v -0.00847600 0.00238100 0.10416700
v -0.00853400 0.00239900 0.10418600
v -0.00859300 0.00241300 0.10420000
v -0.00865400 0.00242600 0.10421300
v -0.00871500 0.00243500 0.10422300
v -0.00877800 0.00244200 0.10423000
v -0.00890100 0.00224000 0.10443000
v -0.00884100 0.00244700 0.10423300
v -0.00890100 0.00235200 0.10432800
v -0.01088200 0.00235200 0.10432800
v -0.01099800 0.00235400 0.10432300
v -0.01114400 0.00252500 0.10414300
v -0.01129400 0.00266100 0.10397700
v -0.01144700 0.00277200 0.10382100
v -0.01150600 0.00275400 0.10382700
v -0.01156600 0.00273400 0.10383300
v -0.01175900 0.00293900 0.10352700
v -0.01181900 0.00291500 0.10353200
v -0.01187800 0.00289100 0.10353600
v -0.01193800 0.00286500 0.10353900
v -0.01199700 0.00283700 0.10354200
v -0.01205600 0.00280900 0.10354400
v -0.01211500 0.00277900 0.10354500
v -0.01217300 0.00274900 0.10354500
v -0.01223100 0.00271700 0.10354400
v -0.01228900 0.00268500 0.10354100
v -0.01234500 0.00265200 0.10353800
v -0.01240100 0.00261700 0.10353400
v -0.01245800 0.00258000 0.10353000
v -0.01256900 0.00250600 0.10351800
v -0.01257400 0.00095700 0.10458600
v -0.01249600 0.00120300 0.10453500
v -0.01259700 0.00114600 0.10448600
v -0.01252800 0.00171400 0.10421400
v -0.01257900 0.00167900 0.10419500
v -0.01258900 0.00144300 0.10433500
v -0.01256700 0.00188300 0.10406000
v -0.01267100 0.00090600 0.10452800
v -0.01271800 0.00088000 0.10449700
v -0.01276400 0.00085300 0.10446600
v -0.01262300 0.00093100 0.10455700
v -0.01283100 0.00055600 0.10449800
v -0.01289800 0.00017700 0.10450200
v -0.01292000 -0.00000000 0.10449400
v -0.01289800 -0.00017600 0.10450200
v -0.01290600 -0.00035100 0.10447000
v -0.01290600 0.00035100 0.10447000
v -0.01291700 -0.00051500 0.10442400
v -0.01283100 -0.00055600 0.10449800
v -0.01274100 -0.00059700 0.10456800
v -0.01291700 0.00051500 0.10442400
v -0.01276400 -0.00085200 0.10446600
v -0.01271800 -0.00087900 0.10449700
v -0.01267100 -0.00090500 0.10452800
v -0.01262300 -0.00093200 0.10455700
v -0.01257400 -0.00095700 0.10458600
v -0.01259700 -0.00114700 0.10448600
v -0.01263800 -0.00141000 0.10431300
v -0.01258800 -0.00144400 0.10433500
v -0.01257900 -0.00167900 0.10419500
v -0.01252700 -0.00171400 0.10421400
v -0.01256700 -0.00188300 0.10406000
v -0.01267700 0.00242800 0.10350100
v -0.01278100 0.00234500 0.10348200
v -0.01269900 0.00212000 0.10375700
v -0.01269900 -0.00211900 0.10375700
v -0.01278100 -0.00234500 0.10348200
v -0.01267600 -0.00242700 0.10350100
v -0.01256900 -0.00250600 0.10351800
v -0.01245800 -0.00258100 0.10353000
v -0.01234500 -0.00265100 0.10353800
v -0.01228800 -0.00268500 0.10354100
v -0.01223100 -0.00271800 0.10354400
v -0.01217300 -0.00275000 0.10354500
v -0.01211500 -0.00278000 0.10354500
v -0.01205600 -0.00281000 0.10354400
v -0.01199700 -0.00283800 0.10354200
v -0.01174300 -0.00266800 0.10384500
v -0.01193800 -0.00286500 0.10353900
v -0.01187800 -0.00289000 0.10353600
v -0.01168400 -0.00269100 0.10384200
v -0.01152900 -0.00258900 0.10400100
v -0.01141200 -0.00262700 0.10399100
v -0.01114400 -0.00252500 0.10414300
v -0.01099700 -0.00235400 0.10432300
v -0.01129400 -0.00266200 0.10397700
v -0.01088500 -0.00237600 0.10430500
v -0.00887000 -0.00244700 0.10423400
v -0.00880800 -0.00266200 0.10400200
v -0.00874800 -0.00265600 0.10399700
v -0.00868800 -0.00264800 0.10399000
v -0.00862900 -0.00263700 0.10397900
v -0.00857000 -0.00262300 0.10396700
v -0.00851300 -0.00260700 0.10395300
v -0.00845700 -0.00258800 0.10393500
v -0.00840300 -0.00256600 0.10391600
v -0.00835000 -0.00254200 0.10389400
v -0.00830000 -0.00251500 0.10387000
v -0.00820500 -0.00224800 0.10403600
v -0.00825100 -0.00248600 0.10384500
v -0.00820500 -0.00245600 0.10381700
v -0.00816200 -0.00221800 0.10400400
v -0.00808400 -0.00177700 0.10426700
v -0.00812100 -0.00218400 0.10397100
v -0.00808400 -0.00195900 0.10411400
v -0.00804900 -0.00073900 0.10477000
v -0.00804900 -0.00056800 0.10481800
v -0.00804900 -0.00039500 0.10485500
v -0.00804900 -0.00022300 0.10488100
v -0.00804900 -0.00091100 0.10470900
v -0.00804900 -0.00108600 0.10463500
v -0.00804900 -0.00004700 0.10489600
v -0.00804900 -0.00124400 0.10455600
v -0.00804900 -0.00157400 0.10435200
v -0.00804900 -0.00140800 0.10446100
v -0.00804900 -0.00174400 0.10422600
v -0.00802700 0.00004500 0.10485900
v -0.00804900 -0.00000000 0.10489800
v -0.00802700 0.00021900 0.10484400
v -0.00802700 0.00038900 0.10481800
v -0.00802700 0.00055900 0.10478200
v -0.00802700 0.00072900 0.10473400
v -0.00802700 0.00089700 0.10467500
v -0.00802700 0.00107000 0.10460200
v -0.00802700 0.00122700 0.10452300
v -0.00802700 0.00138800 0.10442900
v -0.00802700 0.00155400 0.10432200
v -0.00802700 0.00172100 0.10419600
v -0.00802700 0.00189900 0.10404700
v -0.00802700 0.00208600 0.10387200
v -0.00805900 0.00232200 0.10369900
v -0.00809400 0.00236000 0.10373300
v -0.00813200 0.00239600 0.10376400
v -0.00817400 0.00243100 0.10379500
v -0.00821800 0.00246400 0.10382500
v -0.00826400 0.00249500 0.10385200
v -0.00831400 0.00252300 0.10387800
v -0.00836500 0.00255000 0.10390100
v -0.00842000 0.00257300 0.10392300
v -0.00847600 0.00259400 0.10394100
v -0.00853400 0.00261300 0.10395800
v -0.00859300 0.00262900 0.10397200
v -0.00865400 0.00264200 0.10398300
v -0.00871500 0.00265200 0.10399300
v -0.00877800 0.00266000 0.10399900
v -0.00890100 0.00244800 0.10423500
v -0.00884100 0.00266300 0.10400300
v -0.00890100 0.00263900 0.10403400
v -0.01089000 0.00241000 0.10427100
v -0.01102900 0.00255100 0.10412500
v -0.01117800 0.00269200 0.10396100
v -0.01133000 0.00280800 0.10380600
v -0.01152100 0.00302200 0.10349900
v -0.01158000 0.00300300 0.10350800
v -0.01164000 0.00298300 0.10351500
v -0.01171500 0.00319200 0.10321500
v -0.01197100 0.00330600 0.10295300
v -0.01203200 0.00328000 0.10295900
v -0.01209200 0.00325300 0.10296600
v -0.01215200 0.00322500 0.10297100
v -0.01221100 0.00319600 0.10297500
v -0.01227100 0.00316500 0.10297900
v -0.01232900 0.00313300 0.10298200
v -0.01238800 0.00310100 0.10298400
v -0.01244600 0.00306700 0.10298500
v -0.01250400 0.00303100 0.10298600
v -0.01256100 0.00299500 0.10298500
v -0.01261800 0.00295600 0.10298400
v -0.01267400 0.00291800 0.10298200
v -0.01273000 0.00287800 0.10297900
v -0.01278400 0.00283700 0.10297500
v -0.01283800 0.00279600 0.10297000
v -0.01263800 0.00141100 0.10431300
v -0.01269200 0.00108700 0.10443300
v -0.01268700 0.00137700 0.10429000
v -0.01261900 0.00184500 0.10404400
v -0.01266900 0.00180800 0.10402800
v -0.01271900 0.00176900 0.10401000
v -0.01276800 0.00173100 0.10399200
v -0.01278600 0.00102600 0.10437500
v -0.01287600 0.00096300 0.10431400
v -0.01285400 0.00079800 0.10440100
v -0.01293900 0.00074300 0.10433300
v -0.01298900 0.00032000 0.10438900
v -0.01298100 0.00015700 0.10442000
v -0.01307100 -0.00000000 0.10433100
v -0.01298100 -0.00015700 0.10442000
v -0.01298900 -0.00031900 0.10438900
v -0.01299900 -0.00047300 0.10434600
v -0.01302100 -0.00068700 0.10426100
v -0.01293900 -0.00074300 0.10433300
v -0.01285400 -0.00079800 0.10440100
v -0.01302100 0.00068600 0.10426100
v -0.01299900 0.00047300 0.10434600
v -0.01287600 -0.00096400 0.10431400
v -0.01278600 -0.00102600 0.10437500
v -0.01269200 -0.00108700 0.10443300
v -0.01273500 -0.00134200 0.10426600
v -0.01268700 -0.00137600 0.10429000
v -0.01276800 -0.00173100 0.10399200
v -0.01271900 -0.00177000 0.10401000
v -0.01266900 -0.00180900 0.10402800
v -0.01261900 -0.00184600 0.10404400
v -0.01289200 0.00275300 0.10296500
v -0.01288200 0.00225900 0.10345800
v -0.01299600 0.00266300 0.10295000
v -0.01304600 0.00261800 0.10294200
v -0.01280000 0.00203800 0.10372900
v -0.01280000 -0.00203800 0.10372900
v -0.01288200 -0.00226000 0.10345800
v -0.01304600 -0.00261700 0.10294200
v -0.01299600 -0.00266300 0.10295000
v -0.01294400 -0.00270900 0.10295800
v -0.01289200 -0.00275200 0.10296500
v -0.01278400 -0.00283800 0.10297500
v -0.01273000 -0.00287900 0.10297900
v -0.01267400 -0.00291900 0.10298200
v -0.01261800 -0.00295700 0.10298400
v -0.01256100 -0.00299500 0.10298500
v -0.01250400 -0.00303100 0.10298600
v -0.01244600 -0.00306600 0.10298500
v -0.01238800 -0.00310000 0.10298400
v -0.01232900 -0.00313400 0.10298200
v -0.01227100 -0.00316600 0.10297900
v -0.01215200 -0.00322600 0.10297100
v -0.01181900 -0.00291500 0.10353200
v -0.01209100 -0.00325400 0.10296600
v -0.01183500 -0.00314800 0.10323000
v -0.01175900 -0.00294000 0.10352700
v -0.01156600 -0.00273500 0.10383300
v -0.01144700 -0.00277300 0.10382100
v -0.01117800 -0.00269100 0.10396100
v -0.01102900 -0.00255100 0.10412500
v -0.01090400 -0.00250200 0.10417900
v -0.01133000 -0.00280700 0.10380600
v -0.00890100 -0.00264400 0.10402800
v -0.00887000 -0.00266400 0.10400400
v -0.00887000 -0.00289300 0.10373300
v -0.00880800 -0.00288900 0.10373100
v -0.00874800 -0.00288300 0.10372500
v -0.00868800 -0.00287500 0.10371800
v -0.00862900 -0.00286300 0.10370900
v -0.00857000 -0.00284900 0.10369800
v -0.00851300 -0.00283200 0.10368400
v -0.00845700 -0.00281200 0.10366900
v -0.00840300 -0.00279000 0.10365000
v -0.00835000 -0.00276400 0.10363000
v -0.00830000 -0.00273600 0.10360800
v -0.00825100 -0.00270500 0.10358400
v -0.00820500 -0.00267200 0.10355800
v -0.00816200 -0.00263700 0.10353000
v -0.00816200 -0.00242200 0.10378700
v -0.00812100 -0.00238600 0.10375600
v -0.00804900 -0.00192400 0.10407500
v -0.00808400 -0.00214900 0.10393500
v -0.00801700 -0.00072300 0.10471700
v -0.00801700 -0.00089100 0.10465900
v -0.00801700 -0.00055500 0.10476500
v -0.00801700 -0.00038600 0.10480200
v -0.00801700 -0.00021700 0.10482600
v -0.00801700 -0.00004400 0.10484200
v -0.00801700 -0.00106200 0.10458600
v -0.00802300 -0.00000000 0.10485300
v -0.00801700 -0.00121800 0.10450800
v -0.00801700 -0.00138000 0.10441500
v -0.00801700 -0.00154400 0.10430700
v -0.00801700 -0.00171100 0.10418300
v -0.00801700 -0.00188800 0.10403500
v -0.00799800 0.00004200 0.10480500
v -0.00799800 -0.00000000 0.10480700
v -0.00799800 0.00021200 0.10478900
v -0.00799800 0.00037900 0.10476500
v -0.00799800 0.00054600 0.10472900
v -0.00799800 0.00071200 0.10468200
v -0.00799800 0.00087900 0.10462400
v -0.00799800 0.00120100 0.10447500
v -0.00799800 0.00104600 0.10455200
v -0.00799800 0.00136000 0.10438300
v -0.00799800 0.00152200 0.10427700
v -0.00799800 0.00168700 0.10415300
v -0.00799800 0.00186300 0.10400600
v -0.00799800 0.00204700 0.10383300
v -0.00799800 0.00224200 0.10362700
v -0.00802700 0.00228300 0.10366300
v -0.00802700 0.00249100 0.10341400
v -0.00805900 0.00253300 0.10344700
v -0.00809400 0.00257300 0.10347900
v -0.00813200 0.00261100 0.10351000
v -0.00817400 0.00264700 0.10353800
v -0.00821800 0.00268200 0.10356500
v -0.00826400 0.00271400 0.10359100
v -0.00831400 0.00274400 0.10361400
v -0.00836500 0.00277100 0.10363600
v -0.00842000 0.00279700 0.10365700
v -0.00847600 0.00281900 0.10367400
v -0.00853400 0.00283800 0.10368900
v -0.00859300 0.00285600 0.10370300
v -0.00865400 0.00286900 0.10371400
v -0.00871500 0.00287900 0.10372200
v -0.00877800 0.00288700 0.10372900
v -0.00884100 0.00289200 0.10373200
v -0.01091600 0.00257300 0.10410500
v -0.00890100 0.00289300 0.10373300
v -0.01093300 0.00266200 0.10400800
v -0.01106300 0.00271700 0.10394100
v -0.01121200 0.00283800 0.10378700
v -0.01140100 0.00305700 0.10348000
v -0.01159500 0.00323200 0.10319600
v -0.01165400 0.00321300 0.10320500
v -0.01179000 0.00337500 0.10292700
v -0.01185000 0.00335300 0.10293600
v -0.01191100 0.00333000 0.10294400
v -0.01218700 0.00359000 0.10241500
v -0.01230900 0.00353400 0.10243100
v -0.01242800 0.00347300 0.10244400
v -0.01254700 0.00340600 0.10245400
v -0.01266400 0.00333600 0.10246000
v -0.01272200 0.00329900 0.10246200
v -0.01277900 0.00326000 0.10246300
v -0.01283500 0.00321900 0.10246400
v -0.01289100 0.00317800 0.10246300
v -0.01273500 0.00134200 0.10426600
v -0.01278200 0.00130600 0.10424100
v -0.01281700 0.00169100 0.10397200
v -0.01289800 0.00195300 0.10369700
v -0.01282800 0.00127100 0.10421600
v -0.01291800 0.00119900 0.10416100
v -0.01296200 0.00090000 0.10425100
v -0.01300300 0.00112500 0.10410400
v -0.01304300 0.00083500 0.10418400
v -0.01307800 0.00043000 0.10426700
v -0.01306700 0.00028800 0.10430600
v -0.01305900 0.00013800 0.10433500
v -0.01313500 0.00011800 0.10424700
v -0.01320800 -0.00000000 0.10416100
v -0.01313500 -0.00011800 0.10424700
v -0.01305900 -0.00013700 0.10433500
v -0.01306700 -0.00028800 0.10430600
v -0.01307800 -0.00042900 0.10426700
v -0.01310000 -0.00063000 0.10418700
v -0.01312100 -0.00076900 0.10411400
v -0.01304300 -0.00083500 0.10418400
v -0.01296200 -0.00089900 0.10425100
v -0.01310000 0.00063000 0.10418700
v -0.01300300 -0.00112500 0.10410400
v -0.01291800 -0.00119900 0.10416100
v -0.01282800 -0.00127200 0.10421600
v -0.01278200 -0.00130700 0.10424100
v -0.01281700 -0.00169200 0.10397200
v -0.01289800 -0.00195300 0.10369700
v -0.01326900 0.00325400 0.10195900
v -0.01332100 0.00320600 0.10195700
v -0.01298000 0.00217000 0.10343100
v -0.01309600 0.00257100 0.10293300
v -0.01337200 0.00315800 0.10195300
v -0.01342200 0.00310800 0.10194800
v -0.01298000 -0.00217100 0.10343100
v -0.01314400 -0.00252400 0.10292300
v -0.01309500 -0.00257000 0.10293300
v -0.01342200 -0.00310800 0.10194800
v -0.01337200 -0.00315800 0.10195300
v -0.01332100 -0.00320700 0.10195700
v -0.01289100 -0.00317900 0.10246300
v -0.01283500 -0.00322000 0.10246400
v -0.01277900 -0.00326000 0.10246300
v -0.01272200 -0.00329800 0.10246200
v -0.01266400 -0.00333600 0.10246000
v -0.01254700 -0.00340700 0.10245400
v -0.01242800 -0.00347300 0.10244400
v -0.01230900 -0.00353400 0.10243100
v -0.01197100 -0.00330500 0.10295300
v -0.01218700 -0.00359000 0.10241500
v -0.01191100 -0.00333000 0.10294400
v -0.01171400 -0.00319300 0.10321500
v -0.01164000 -0.00298300 0.10351500
v -0.01152100 -0.00302300 0.10349900
v -0.01121200 -0.00283800 0.10378700
v -0.01106200 -0.00271800 0.10394100
v -0.01092900 -0.00264400 0.10402800
v -0.01140100 -0.00305700 0.10348000
v -0.01094800 -0.00274000 0.10391900
v -0.01095900 -0.00279000 0.10386000
v -0.01098200 -0.00288600 0.10374200
v -0.00890100 -0.00293800 0.10367500
v -0.00887000 -0.00304600 0.10353100
v -0.00880800 -0.00304400 0.10352800
v -0.00874800 -0.00303800 0.10352400
v -0.00868800 -0.00302900 0.10351800
v -0.00862900 -0.00301700 0.10350900
v -0.00857000 -0.00300200 0.10349800
v -0.00851300 -0.00298400 0.10348500
v -0.00845700 -0.00296300 0.10347000
v -0.00840300 -0.00294000 0.10345200
v -0.00835000 -0.00291400 0.10343400
v -0.00830000 -0.00288600 0.10341200
v -0.00825100 -0.00285400 0.10338900
v -0.00820500 -0.00282000 0.10336500
v -0.00816200 -0.00278500 0.10333800
v -0.00812100 -0.00260100 0.10350100
v -0.00808400 -0.00234900 0.10372200
v -0.00804900 -0.00211100 0.10389800
v -0.00804900 -0.00231000 0.10368700
v -0.00799000 -0.00070600 0.10466400
v -0.00799000 -0.00087100 0.10460600
v -0.00799000 -0.00103900 0.10453500
v -0.00799000 -0.00054100 0.10471000
v -0.00799000 -0.00037500 0.10474600
v -0.00799000 -0.00021000 0.10477100
v -0.00799000 -0.00119200 0.10445800
v -0.00799000 -0.00135000 0.10436700
v -0.00799000 -0.00151100 0.10426100
v -0.00799000 -0.00167600 0.10413900
v -0.00799000 -0.00185100 0.10399300
v -0.00801700 -0.00207400 0.10386000
v -0.00797400 0.00003800 0.10474800
v -0.00797400 0.00020600 0.10473400
v -0.00798600 -0.00000000 0.10477900
v -0.00797400 0.00036900 0.10470900
v -0.00797400 0.00053200 0.10467400
v -0.00797400 0.00069500 0.10462800
v -0.00797400 0.00085700 0.10457100
v -0.00797400 0.00102300 0.10450100
v -0.00797400 0.00117400 0.10442500
v -0.00797400 0.00133100 0.10433500
v -0.00797400 0.00148900 0.10423100
v -0.00797400 0.00165300 0.10410900
v -0.00797400 0.00182600 0.10396500
v -0.00797400 0.00219900 0.10359000
v -0.00797400 0.00200700 0.10379300
v -0.00799800 0.00244900 0.10338000
v -0.00802700 0.00263400 0.10322800
v -0.00805900 0.00267600 0.10325900
v -0.00809400 0.00271700 0.10328900
v -0.00813200 0.00275700 0.10331800
v -0.00817400 0.00279500 0.10334500
v -0.00821800 0.00283000 0.10337200
v -0.00826400 0.00286300 0.10339600
v -0.00831400 0.00289300 0.10341800
v -0.00836500 0.00292200 0.10344000
v -0.00842000 0.00294800 0.10345800
v -0.00847600 0.00297100 0.10347500
v -0.00853400 0.00299000 0.10349000
v -0.00859300 0.00300800 0.10350200
v -0.00865400 0.00302200 0.10351300
v -0.00871500 0.00303300 0.10352100
v -0.00877800 0.00304100 0.10352700
v -0.00884100 0.00304600 0.10353000
v -0.00890100 0.00294700 0.10366500
v -0.01099200 0.00292600 0.10369000
v -0.01109700 0.00286400 0.10376600
v -0.01128400 0.00308800 0.10345900
v -0.01147500 0.00326700 0.10317500
v -0.01167000 0.00341500 0.10290600
v -0.01173000 0.00339500 0.10291700
v -0.01194400 0.00368500 0.10237500
v -0.01206600 0.00364100 0.10239700
v -0.01234500 0.00385200 0.10189100
v -0.01246600 0.00379600 0.10190900
v -0.01258800 0.00373300 0.10192600
v -0.01270700 0.00366700 0.10193900
v -0.01282500 0.00359400 0.10194900
v -0.01288300 0.00355700 0.10195400
v -0.01294000 0.00351700 0.10195700
v -0.01299700 0.00347600 0.10196000
v -0.01310900 0.00339000 0.10196200
v -0.01316300 0.00334700 0.10196200
v -0.01321700 0.00330100 0.10196100
v -0.01286300 0.00165100 0.10395200
v -0.01291000 0.00161000 0.10393000
v -0.01294600 0.00191000 0.10367900
v -0.01302800 0.00212600 0.10341700
v -0.01300000 0.00152700 0.10388500
v -0.01304300 0.00148400 0.10386000
v -0.01308500 0.00105000 0.10404300
v -0.01308500 0.00144100 0.10383500
v -0.01316600 0.00135400 0.10378400
v -0.01316200 0.00097400 0.10397900
v -0.01312100 0.00077000 0.10411400
v -0.01315300 0.00038600 0.10418400
v -0.01317300 0.00057200 0.10411000
v -0.01320600 0.00009800 0.10415600
v -0.01333800 -0.00000000 0.10397000
v -0.01327400 -0.00007800 0.10406400
v -0.01320600 -0.00009800 0.10415600
v -0.01327400 0.00007800 0.10406400
v -0.01322300 -0.00034300 0.10410000
v -0.01315300 -0.00038600 0.10418400
v -0.01317300 -0.00057200 0.10411000
v -0.01319400 -0.00070200 0.10404100
v -0.01323500 -0.00089700 0.10391400
v -0.01316200 -0.00097300 0.10397900
v -0.01308500 -0.00105000 0.10404300
v -0.01319500 0.00070300 0.10404100
v -0.01316600 -0.00135500 0.10378400
v -0.01308500 -0.00144200 0.10383500
v -0.01304300 -0.00148400 0.10386100
v -0.01300000 -0.00152700 0.10388500
v -0.01291000 -0.00161100 0.10393000
v -0.01294600 -0.00190900 0.10367900
v -0.01302800 -0.00212500 0.10341700
v -0.01359800 0.00367400 0.10098600
v -0.01370100 0.00357400 0.10098700
v -0.01314400 0.00252300 0.10292300
v -0.01347000 0.00305700 0.10194300
v -0.01380000 0.00347000 0.10098400
v -0.01323700 -0.00242600 0.10290000
v -0.01356500 -0.00295400 0.10193100
v -0.01347000 -0.00305800 0.10194300
v -0.01380000 -0.00347100 0.10098400
v -0.01370100 -0.00357400 0.10098700
v -0.01359800 -0.00367300 0.10098600
v -0.01321700 -0.00330100 0.10196100
v -0.01316300 -0.00334600 0.10196200
v -0.01310900 -0.00339100 0.10196200
v -0.01305300 -0.00343400 0.10196100
v -0.01299700 -0.00347500 0.10196000
v -0.01294000 -0.00351600 0.10195700
v -0.01288300 -0.00355600 0.10195400
v -0.01282500 -0.00359500 0.10194900
v -0.01270700 -0.00366600 0.10193900
v -0.01258700 -0.00373400 0.10192600
v -0.01246600 -0.00379500 0.10190900
v -0.01234500 -0.00385100 0.10189100
v -0.01206600 -0.00364000 0.10239700
v -0.01179000 -0.00337400 0.10292700
v -0.01159500 -0.00323100 0.10319600
v -0.01109700 -0.00286300 0.10376600
v -0.01128400 -0.00308700 0.10345900
v -0.01147500 -0.00326700 0.10317500
v -0.01116800 -0.00311400 0.10343500
v -0.01104000 -0.00309600 0.10346400
v -0.00890100 -0.00304700 0.10353100
v -0.00890100 -0.00325300 0.10323600
v -0.00887000 -0.00330200 0.10316100
v -0.00880800 -0.00329800 0.10315900
v -0.00874800 -0.00329200 0.10315500
v -0.00868800 -0.00328300 0.10314900
v -0.00862900 -0.00327100 0.10314100
v -0.00857000 -0.00325500 0.10313000
v -0.00851300 -0.00323700 0.10311800
v -0.00845700 -0.00321500 0.10310500
v -0.00840300 -0.00319000 0.10308800
v -0.00835000 -0.00316300 0.10307100
v -0.00830000 -0.00313400 0.10305100
v -0.00825100 -0.00310100 0.10303100
v -0.00820500 -0.00306600 0.10300800
v -0.00816200 -0.00302900 0.10298300
v -0.00812100 -0.00298900 0.10295800
v -0.00812100 -0.00274600 0.10331000
v -0.00808400 -0.00256100 0.10347000
v -0.00808400 -0.00270600 0.10328000
v -0.00804900 -0.00252000 0.10343800
v -0.00801700 -0.00247800 0.10340400
v -0.00801700 -0.00226900 0.10365100
v -0.00796600 -0.00068800 0.10460800
v -0.00796600 -0.00085000 0.10455200
v -0.00796600 -0.00116400 0.10440700
v -0.00796600 -0.00101400 0.10448200
v -0.00796600 -0.00052700 0.10465400
v -0.00796600 -0.00036500 0.10468800
v -0.00796600 -0.00020300 0.10471300
v -0.00796600 -0.00003700 0.10472800
v -0.00796600 -0.00132000 0.10431700
v -0.00796600 -0.00147800 0.10421400
v -0.00796600 -0.00164000 0.10409300
v -0.00796600 -0.00181200 0.10394800
v -0.00799000 -0.00203400 0.10382000
v -0.00799000 -0.00222700 0.10361400
v -0.00797400 -0.00000000 0.10475000
v -0.00795500 -0.00000000 0.10470200
v -0.00795300 0.00019900 0.10467600
v -0.00795300 0.00035800 0.10465200
v -0.00795300 0.00051800 0.10461900
v -0.00795300 0.00067700 0.10457300
v -0.00795300 0.00083600 0.10451800
v -0.00795300 0.00099800 0.10444900
v -0.00795300 0.00114700 0.10437500
v -0.00795300 0.00130000 0.10428700
v -0.00795300 0.00145600 0.10418400
v -0.00795300 0.00161700 0.10406400
v -0.00795300 0.00178700 0.10392200
v -0.00795300 0.00196600 0.10375300
v -0.00795300 0.00215700 0.10355100
v -0.00797400 0.00240400 0.10334500
v -0.00797400 0.00254400 0.10316200
v -0.00799800 0.00259000 0.10319500
v -0.00799800 0.00282600 0.10285200
v -0.00802700 0.00287200 0.10288200
v -0.00805900 0.00291700 0.10291000
v -0.00809400 0.00296000 0.10293800
v -0.00813200 0.00300100 0.10296500
v -0.00817400 0.00304000 0.10299100
v -0.00821800 0.00307600 0.10301400
v -0.00826400 0.00311100 0.10303700
v -0.00831400 0.00314300 0.10305700
v -0.00836500 0.00317200 0.10307700
v -0.00842000 0.00319900 0.10309400
v -0.00847600 0.00322200 0.10311000
v -0.00853400 0.00324400 0.10312300
v -0.00859300 0.00326100 0.10313400
v -0.00865400 0.00327600 0.10314400
v -0.00871500 0.00328800 0.10315200
v -0.00877800 0.00329600 0.10315700
v -0.00890100 0.00304700 0.10353100
v -0.00884100 0.00330100 0.10316000
v -0.00890100 0.00328100 0.10319400
v -0.01105200 0.00313600 0.10340800
v -0.01116800 0.00311400 0.10343500
v -0.01135700 0.00329700 0.10315100
v -0.01155000 0.00345000 0.10288300
v -0.01182300 0.00372500 0.10235100
v -0.01203900 0.00396800 0.10183100
v -0.01210000 0.00394700 0.10184500
v -0.01216100 0.00392600 0.10185700
v -0.01222300 0.00390200 0.10186800
v -0.01266500 0.00428300 0.10087200
v -0.01272600 0.00425600 0.10088500
v -0.01278700 0.00422700 0.10089600
v -0.01284900 0.00419600 0.10090700
v -0.01291000 0.00416500 0.10091800
v -0.01303100 0.00409700 0.10093600
v -0.01315000 0.00402300 0.10095300
v -0.01320900 0.00398300 0.10096000
v -0.01326700 0.00394300 0.10096600
v -0.01332400 0.00390100 0.10097100
v -0.01338100 0.00385800 0.10097500
v -0.01343600 0.00381400 0.10097900
v -0.01349100 0.00376900 0.10098200
v -0.01307400 0.00207900 0.10340100
v -0.01311900 0.00203200 0.10338400
v -0.01316300 0.00198500 0.10336700
v -0.01320600 0.00193700 0.10334900
v -0.01323700 0.00242600 0.10290000
v -0.01324900 0.00188800 0.10333000
v -0.01324200 0.00126700 0.10373000
v -0.01332900 0.00178900 0.10329000
v -0.01340400 0.00168800 0.10324600
v -0.01323500 0.00089600 0.10391400
v -0.01331400 0.00117700 0.10367200
v -0.01322300 0.00034300 0.10409900
v -0.01326400 0.00063600 0.10396600
v -0.01328900 0.00030000 0.10401200
v -0.01339400 -0.00000000 0.10387900
v -0.01333700 -0.00005800 0.10396900
v -0.01333700 0.00005700 0.10396900
v -0.01335100 -0.00025500 0.10392300
v -0.01328900 -0.00029900 0.10401200
v -0.01335100 0.00025500 0.10392300
v -0.01326400 -0.00063600 0.10396600
v -0.01330300 -0.00081800 0.10384500
v -0.01334800 -0.00113200 0.10364200
v -0.01331400 -0.00117700 0.10367200
v -0.01324200 -0.00126700 0.10373000
v -0.01330300 0.00081900 0.10384500
v -0.01340400 -0.00168900 0.10324600
v -0.01332900 -0.00178900 0.10329000
v -0.01324900 -0.00188800 0.10333000
v -0.01316300 -0.00198400 0.10336800
v -0.01311900 -0.00203300 0.10338400
v -0.01307400 -0.00207900 0.10340100
v -0.01426200 0.00431200 0.09907000
v -0.01436600 0.00421000 0.09907900
v -0.01446500 0.00410300 0.09908500
v -0.01356500 0.00295300 0.10193100
v -0.01389500 0.00336300 0.10097900
v -0.01455900 0.00399100 0.09908900
v -0.01332700 -0.00232600 0.10287300
v -0.01365400 -0.00284600 0.10191600
v -0.01398300 -0.00325100 0.10097100
v -0.01389500 -0.00336300 0.10097900
v -0.01455900 -0.00399100 0.09908900
v -0.01446500 -0.00410300 0.09908500
v -0.01436600 -0.00421000 0.09907900
v -0.01382200 -0.00411500 0.10001700
v -0.01349100 -0.00376800 0.10098200
v -0.01338100 -0.00385800 0.10097500
v -0.01326700 -0.00394300 0.10096600
v -0.01315000 -0.00402300 0.10095300
v -0.01303100 -0.00409600 0.10093600
v -0.01291000 -0.00416400 0.10091800
v -0.01278700 -0.00422600 0.10089600
v -0.01222300 -0.00390200 0.10186800
v -0.01266500 -0.00428300 0.10087200
v -0.01216100 -0.00392500 0.10185700
v -0.01194400 -0.00368500 0.10237500
v -0.01167000 -0.00341400 0.10290600
v -0.01135700 -0.00329700 0.10315100
v -0.01155000 -0.00344900 0.10288300
v -0.01123900 -0.00332300 0.10312400
v -0.01109100 -0.00325400 0.10323500
v -0.01112300 -0.00334400 0.10309500
v -0.01115700 -0.00343100 0.10295700
v -0.00887000 -0.00357200 0.10271600
v -0.00880800 -0.00356900 0.10271400
v -0.00874800 -0.00356200 0.10271100
v -0.00868800 -0.00355300 0.10270500
v -0.00862900 -0.00354000 0.10269800
v -0.00857000 -0.00352400 0.10268800
v -0.00851300 -0.00350500 0.10267700
v -0.00845700 -0.00348200 0.10266500
v -0.00840300 -0.00345800 0.10265000
v -0.00835000 -0.00343000 0.10263500
v -0.00830000 -0.00339800 0.10261600
v -0.00825100 -0.00336500 0.10259800
v -0.00820500 -0.00332900 0.10257600
v -0.00816200 -0.00329000 0.10255500
v -0.00812100 -0.00324900 0.10253100
v -0.00808400 -0.00294800 0.10293100
v -0.00804900 -0.00266400 0.10325000
v -0.00799000 -0.00243300 0.10336900
v -0.00801700 -0.00262000 0.10321800
v -0.00794500 -0.00067100 0.10455200
v -0.00794500 -0.00099000 0.10442800
v -0.00794500 -0.00082900 0.10449600
v -0.00794500 -0.00113600 0.10435400
v -0.00794500 -0.00128800 0.10426700
v -0.00794500 -0.00051300 0.10459600
v -0.00794500 -0.00035400 0.10463000
v -0.00794500 -0.00019600 0.10465400
v -0.00794500 -0.00160400 0.10404600
v -0.00794500 -0.00144300 0.10416500
v -0.00794500 -0.00177200 0.10390400
v -0.00796600 -0.00199200 0.10377900
v -0.00796600 -0.00218400 0.10357500
v -0.00796600 -0.00238800 0.10333300
v -0.00794500 -0.00000000 0.10467000
v -0.00794500 -0.00003300 0.10466800
v -0.00793500 0.00019200 0.10461800
v -0.00793500 0.00034800 0.10459500
v -0.00793500 0.00050400 0.10456100
v -0.00793500 0.00065900 0.10451800
v -0.00793500 0.00081500 0.10446200
v -0.00793500 0.00097400 0.10439600
v -0.00793500 0.00111900 0.10432300
v -0.00793500 0.00127000 0.10423600
v -0.00793500 0.00142400 0.10413600
v -0.00793500 0.00158100 0.10401800
v -0.00793500 0.00174800 0.10387800
v -0.00793500 0.00192500 0.10371100
v -0.00793500 0.00211300 0.10351200
v -0.00793500 0.00231300 0.10327300
v -0.00795300 0.00235900 0.10330900
v -0.00795300 0.00249800 0.10312700
v -0.00797400 0.00277900 0.10282200
v -0.00797400 0.00303100 0.10240700
v -0.00799800 0.00308000 0.10243500
v -0.00802700 0.00312800 0.10246200
v -0.00805900 0.00317300 0.10248800
v -0.00809400 0.00321800 0.10251400
v -0.00813200 0.00326000 0.10253800
v -0.00817400 0.00330100 0.10256100
v -0.00821800 0.00333900 0.10258300
v -0.00826400 0.00337500 0.10260300
v -0.00831400 0.00340800 0.10262200
v -0.00836500 0.00343800 0.10263900
v -0.00842000 0.00346500 0.10265600
v -0.00847600 0.00349100 0.10266900
v -0.00853400 0.00351200 0.10268200
v -0.00859300 0.00353100 0.10269300
v -0.00865400 0.00354600 0.10270100
v -0.00871500 0.00355800 0.10270800
v -0.00877800 0.00356600 0.10271300
v -0.00884100 0.00357100 0.10271500
v -0.00890100 0.00357300 0.10271600
v -0.01131300 0.00350500 0.10282900
v -0.01123900 0.00332300 0.10312400
v -0.01108400 0.00323300 0.10326600
v -0.01143100 0.00347900 0.10285700
v -0.01170100 0.00375900 0.10232500
v -0.01197800 0.00398700 0.10181800
v -0.01213500 0.00421400 0.10129800
v -0.01254000 0.00433400 0.10084600
v -0.01260300 0.00430900 0.10085900
v -0.01298900 0.00463500 0.09987700
v -0.01305200 0.00460800 0.09989200
v -0.01368900 0.00474600 0.09897900
v -0.01374900 0.00470900 0.09899100
v -0.01381000 0.00467100 0.09900300
v -0.01386900 0.00463100 0.09901300
v -0.01392800 0.00459000 0.09902300
v -0.01398600 0.00454700 0.09903300
v -0.01404300 0.00450300 0.09904200
v -0.01409900 0.00445800 0.09904900
v -0.01415400 0.00441100 0.09905600
v -0.01332700 0.00232600 0.10287300
v -0.01341200 0.00222300 0.10284500
v -0.01365400 0.00284600 0.10191600
v -0.01349100 0.00211700 0.10281200
v -0.01347500 0.00158800 0.10320100
v -0.01356600 0.00201100 0.10277700
v -0.01334800 0.00113300 0.10364200
v -0.01336700 0.00074000 0.10377300
v -0.01332800 0.00056800 0.10388800
v -0.01338800 0.00050000 0.10380900
v -0.01340900 0.00021100 0.10383200
v -0.01346200 0.00016700 0.10374000
v -0.01346600 -0.00000000 0.10374600
v -0.01346200 -0.00016700 0.10374000
v -0.01340900 -0.00021100 0.10383200
v -0.01338800 -0.00050100 0.10380900
v -0.01332800 -0.00056900 0.10388800
v -0.01336700 -0.00074000 0.10377300
v -0.01344300 -0.00099700 0.10355000
v -0.01338100 -0.00108700 0.10361200
v -0.01347500 -0.00158700 0.10320100
v -0.01338100 0.00108700 0.10361200
v -0.01344300 0.00099700 0.10355000
v -0.01360200 -0.00195600 0.10275800
v -0.01356600 -0.00201000 0.10277700
v -0.01352900 -0.00206400 0.10279400
v -0.01349100 -0.00211700 0.10281200
v -0.01345200 -0.00217000 0.10282800
v -0.01341200 -0.00222200 0.10284500
v -0.01493000 0.00479400 0.09717600
v -0.01503400 0.00468900 0.09719200
v -0.01513400 0.00458000 0.09720400
v -0.01522800 0.00446600 0.09721300
v -0.01398300 0.00325200 0.10097100
v -0.01464900 0.00387600 0.09909000
v -0.01531700 0.00434900 0.09722100
v -0.01373800 -0.00273600 0.10189600
v -0.01406700 -0.00313800 0.10095900
v -0.01473200 -0.00375800 0.09908800
v -0.01464900 -0.00387600 0.09909000
v -0.01522800 -0.00446700 0.09721300
v -0.01513400 -0.00458000 0.09720400
v -0.01503400 -0.00468900 0.09719200
v -0.01426200 -0.00431300 0.09907000
v -0.01415400 -0.00441000 0.09905600
v -0.01404300 -0.00450300 0.09904200
v -0.01371000 -0.00420700 0.10000500
v -0.01359600 -0.00429200 0.09999100
v -0.01347800 -0.00437300 0.09997300
v -0.01335800 -0.00444800 0.09995400
v -0.01323700 -0.00451600 0.09993100
v -0.01311400 -0.00457900 0.09990500
v -0.01254000 -0.00433400 0.10084600
v -0.01298900 -0.00463500 0.09987700
v -0.01213500 -0.00421500 0.10129800
v -0.01210000 -0.00394800 0.10184500
v -0.01182200 -0.00372500 0.10235100
v -0.01143100 -0.00348000 0.10285700
v -0.01170100 -0.00376000 0.10232500
v -0.01131300 -0.00350500 0.10282800
v -0.01119600 -0.00352600 0.10279800
v -0.00890100 -0.00359200 0.10268200
v -0.00887000 -0.00386700 0.10216400
v -0.00880800 -0.00386300 0.10216200
v -0.00874800 -0.00385600 0.10215900
v -0.00868800 -0.00384700 0.10215400
v -0.00862900 -0.00383400 0.10214800
v -0.00857000 -0.00381600 0.10214000
v -0.00851300 -0.00379800 0.10212900
v -0.00845700 -0.00377400 0.10211800
v -0.00840300 -0.00374800 0.10210500
v -0.00835000 -0.00371900 0.10209000
v -0.00830000 -0.00368700 0.10207500
v -0.00825100 -0.00365200 0.10205700
v -0.00820500 -0.00361500 0.10203900
v -0.00816200 -0.00357500 0.10201800
v -0.00812100 -0.00353300 0.10199800
v -0.00808400 -0.00320600 0.10250600
v -0.00804900 -0.00290300 0.10290200
v -0.00804900 -0.00316000 0.10248100
v -0.00801700 -0.00285800 0.10287200
v -0.00799000 -0.00257400 0.10318400
v -0.00796600 -0.00252700 0.10315000
v -0.00799000 -0.00281100 0.10284200
v -0.00792800 -0.00065200 0.10449300
v -0.00792800 -0.00049800 0.10453600
v -0.00792800 -0.00110700 0.10430100
v -0.00792800 -0.00096400 0.10437300
v -0.00792800 -0.00080700 0.10443900
v -0.00792800 -0.00125700 0.10421500
v -0.00792800 -0.00034400 0.10456900
v -0.00792800 -0.00018900 0.10459300
v -0.00792800 -0.00003000 0.10460700
v -0.00792800 -0.00156500 0.10399800
v -0.00792800 -0.00140800 0.10411500
v -0.00792800 -0.00173100 0.10385900
v -0.00794500 -0.00194900 0.10373700
v -0.00792800 -0.00190700 0.10369400
v -0.00794500 -0.00213900 0.10353500
v -0.00794500 -0.00234100 0.10329600
v -0.00793200 -0.00000000 0.10462200
v -0.00793500 0.00003100 0.10463200
v -0.00792100 0.00002800 0.10457300
v -0.00792100 0.00018500 0.10455900
v -0.00792100 0.00033700 0.10453600
v -0.00792100 0.00049000 0.10450300
v -0.00792100 0.00064200 0.10446000
v -0.00792100 0.00079400 0.10440700
v -0.00792100 0.00094900 0.10434100
v -0.00792100 0.00109100 0.10427000
v -0.00792100 0.00123800 0.10418600
v -0.00792100 0.00138800 0.10408700
v -0.00792100 0.00154400 0.10397100
v -0.00792100 0.00170800 0.10383300
v -0.00792100 0.00188300 0.10366900
v -0.00792100 0.00206800 0.10347300
v -0.00792100 0.00226600 0.10323600
v -0.00793500 0.00245100 0.10309300
v -0.00795300 0.00273100 0.10279000
v -0.00795300 0.00298100 0.10237800
v -0.00795300 0.00325800 0.10186000
v -0.00797400 0.00330900 0.10188600
v -0.00799800 0.00336000 0.10191100
v -0.00802700 0.00340800 0.10193500
v -0.00805900 0.00345600 0.10195900
v -0.00809400 0.00350100 0.10198200
v -0.00813200 0.00354500 0.10200400
v -0.00817400 0.00358700 0.10202400
v -0.00821800 0.00362600 0.10204400
v -0.00826400 0.00366200 0.10206300
v -0.00831400 0.00369700 0.10207900
v -0.00836500 0.00372800 0.10209500
v -0.00842000 0.00375700 0.10210900
v -0.00847600 0.00378300 0.10212200
v -0.00853400 0.00380500 0.10213300
v -0.00859300 0.00382400 0.10214300
v -0.00865400 0.00383900 0.10215100
v -0.00871500 0.00385200 0.10215600
v -0.00877800 0.00386000 0.10216100
v -0.00884100 0.00386600 0.10216300
v -0.00890100 0.00364800 0.10258300
v -0.01125100 0.00364800 0.10258200
v -0.01120400 0.00354200 0.10276800
v -0.01146200 0.00381300 0.10226500
v -0.01158100 0.00378900 0.10229600
v -0.01185600 0.00402100 0.10178800
v -0.01201200 0.00424800 0.10126600
v -0.01223200 0.00443400 0.10077100
v -0.01229300 0.00441700 0.10078600
v -0.01235500 0.00439800 0.10080200
v -0.01241700 0.00437800 0.10081700
v -0.01247800 0.00435700 0.10083100
v -0.01286400 0.00468500 0.09984900
v -0.01292700 0.00466000 0.09986300
v -0.01331800 0.00493400 0.09889600
v -0.01338100 0.00490700 0.09891100
v -0.01344300 0.00487700 0.09892600
v -0.01350500 0.00484700 0.09894000
v -0.01356600 0.00481500 0.09895400
v -0.01362800 0.00478100 0.09896700
v -0.01435200 0.00523100 0.09706100
v -0.01447400 0.00515600 0.09708900
v -0.01459300 0.00507400 0.09711500
v -0.01470900 0.00498600 0.09713900
v -0.01482100 0.00489300 0.09715900
v -0.01373800 0.00273600 0.10189600
v -0.01381800 0.00262400 0.10187400
v -0.01406700 0.00313700 0.10095900
v -0.01389100 0.00250900 0.10185000
v -0.01363500 0.00190200 0.10273900
v -0.01366800 0.00184700 0.10271800
v -0.01369900 0.00179200 0.10269800
v -0.01375800 0.00168100 0.10265400
v -0.01395900 0.00239300 0.10182200
v -0.01342600 0.00066200 0.10370000
v -0.01350000 0.00090600 0.10348500
v -0.01347900 0.00058200 0.10362500
v -0.01352900 0.00050400 0.10354900
v -0.01351100 0.00012400 0.10364600
v -0.01354800 -0.00000000 0.10357300
v -0.01351100 -0.00012300 0.10364600
v -0.01352900 -0.00050400 0.10354900
v -0.01347900 -0.00058300 0.10362500
v -0.01342600 -0.00066100 0.10370000
v -0.01350000 -0.00090500 0.10348500
v -0.01381200 -0.00157100 0.10260900
v -0.01375800 -0.00168100 0.10265400
v -0.01369900 -0.00179200 0.10269800
v -0.01366800 -0.00184700 0.10271800
v -0.01363500 -0.00190100 0.10273900
v -0.01381200 0.00157000 0.10260900
v -0.01381800 -0.00262300 0.10187400
v -0.01377900 -0.00268100 0.10188600
v -0.01575100 0.00522300 0.09487600
v -0.01596800 0.00501300 0.09487600
v -0.01600500 0.00497200 0.09487600
v -0.01606800 0.00490200 0.09487600
v -0.01473200 0.00375700 0.09908800
v -0.01539900 0.00422700 0.09722500
v -0.01616000 0.00478500 0.09487600
v -0.01624700 0.00466300 0.09487600
v -0.01410700 -0.00307900 0.10095100
v -0.01481000 -0.00363600 0.09908300
v -0.01547700 -0.00410300 0.09722600
v -0.01539900 -0.00422800 0.09722500
v -0.01531700 -0.00434800 0.09722100
v -0.01612700 -0.00482800 0.09487600
v -0.01603100 -0.00494400 0.09487600
v -0.01596800 -0.00501400 0.09487600
v -0.01493000 -0.00479400 0.09717600
v -0.01592900 -0.00505400 0.09487600
v -0.01586200 -0.00512100 0.09487600
v -0.01482100 -0.00489300 0.09715900
v -0.01392700 -0.00459000 0.09902300
v -0.01470900 -0.00498600 0.09713900
v -0.01381000 -0.00467100 0.09900300
v -0.01368900 -0.00474600 0.09897900
v -0.01356600 -0.00481500 0.09895400
v -0.01344300 -0.00487700 0.09892600
v -0.01286400 -0.00468600 0.09984900
v -0.01241600 -0.00437900 0.10081700
v -0.01331800 -0.00493300 0.09889600
v -0.01185600 -0.00402100 0.10178800
v -0.01197800 -0.00398600 0.10181800
v -0.01235500 -0.00439900 0.10080200
v -0.01229300 -0.00441700 0.10078600
v -0.01201200 -0.00424800 0.10126600
v -0.01158100 -0.00378900 0.10229600
v -0.01146200 -0.00381400 0.10226500
v -0.01133100 -0.00380600 0.10228400
v -0.01141800 -0.00396300 0.10196800
v -0.00890100 -0.00396200 0.10196900
v -0.00880800 -0.00418000 0.10147800
v -0.00874800 -0.00417300 0.10147500
v -0.00868800 -0.00416300 0.10147100
v -0.00862900 -0.00414900 0.10146400
v -0.00857000 -0.00413300 0.10145700
v -0.00851300 -0.00411200 0.10144900
v -0.00845700 -0.00408800 0.10143900
v -0.00840300 -0.00406200 0.10142700
v -0.00835000 -0.00403200 0.10141400
v -0.00830000 -0.00399900 0.10140100
v -0.00825100 -0.00396400 0.10138500
v -0.00820500 -0.00392500 0.10136900
v -0.00816200 -0.00388400 0.10135000
v -0.00808400 -0.00348800 0.10197500
v -0.00812100 -0.00384100 0.10133200
v -0.00808400 -0.00379500 0.10131200
v -0.00804900 -0.00344100 0.10195300
v -0.00801700 -0.00311300 0.10245400
v -0.00794500 -0.00247900 0.10311400
v -0.00796600 -0.00276100 0.10281000
v -0.00794500 -0.00271100 0.10277800
v -0.00799000 -0.00306400 0.10242500
v -0.00796600 -0.00301300 0.10239700
v -0.00791600 -0.00063300 0.10443400
v -0.00791600 -0.00048300 0.10447700
v -0.00791600 -0.00078400 0.10438100
v -0.00791600 -0.00107700 0.10424500
v -0.00791600 -0.00093700 0.10431600
v -0.00791600 -0.00122400 0.10416200
v -0.00791600 -0.00033200 0.10450900
v -0.00791600 -0.00018100 0.10453100
v -0.00792100 -0.00000000 0.10457400
v -0.00791600 -0.00152600 0.10394900
v -0.00791600 -0.00137300 0.10406400
v -0.00791600 -0.00169000 0.10381200
v -0.00791600 -0.00186300 0.10364900
v -0.00792800 -0.00209300 0.10349500
v -0.00791600 -0.00204800 0.10345400
v -0.00792800 -0.00229400 0.10325800
v -0.00791000 0.00017800 0.10449900
v -0.00791000 0.00032700 0.10447700
v -0.00791000 0.00047500 0.10444500
v -0.00791000 0.00062400 0.10440400
v -0.00791000 0.00077300 0.10435100
v -0.00791000 0.00092300 0.10428700
v -0.00791000 0.00106300 0.10421800
v -0.00791000 0.00135400 0.10403800
v -0.00791000 0.00120700 0.10413400
v -0.00791000 0.00166800 0.10378800
v -0.00791000 0.00150700 0.10392400
v -0.00791000 0.00184000 0.10362700
v -0.00791000 0.00202400 0.10343300
v -0.00791000 0.00221900 0.10319900
v -0.00792100 0.00240300 0.10305700
v -0.00793500 0.00268200 0.10275800
v -0.00793500 0.00293100 0.10234900
v -0.00795300 0.00355800 0.10121000
v -0.00797400 0.00361200 0.10123300
v -0.00793500 0.00320500 0.10183400
v -0.00799800 0.00366300 0.10125600
v -0.00802700 0.00371200 0.10127700
v -0.00805900 0.00376200 0.10129800
v -0.00809400 0.00380800 0.10131800
v -0.00813200 0.00385300 0.10133700
v -0.00817400 0.00389600 0.10135500
v -0.00821800 0.00393600 0.10137300
v -0.00826400 0.00397400 0.10138900
v -0.00831400 0.00400900 0.10140500
v -0.00836500 0.00404200 0.10141800
v -0.00842000 0.00407100 0.10143100
v -0.00847600 0.00409700 0.10144300
v -0.00853400 0.00412000 0.10145200
v -0.00859300 0.00413900 0.10146000
v -0.00865400 0.00415500 0.10146700
v -0.00871500 0.00416800 0.10147300
v -0.00877800 0.00417600 0.10147700
v -0.00890100 0.00405700 0.10176500
v -0.00890100 0.00386700 0.10216400
v -0.01134000 0.00382400 0.10225000
v -0.01161500 0.00407300 0.10172400
v -0.01173500 0.00405000 0.10175700
v -0.01189000 0.00427600 0.10123300
v -0.01217000 0.00445100 0.10075400
v -0.01255300 0.00478500 0.09976500
v -0.01267700 0.00475000 0.09980000
v -0.01273900 0.00473000 0.09981700
v -0.01280200 0.00470900 0.09983200
v -0.01319200 0.00498400 0.09886400
v -0.01397700 0.00541800 0.09696600
v -0.01410300 0.00536200 0.09700000
v -0.01422900 0.00530000 0.09703200
v -0.01512300 0.00563800 0.09487600
v -0.01525600 0.00556800 0.09487600
v -0.01538700 0.00549100 0.09487600
v -0.01551300 0.00540800 0.09487600
v -0.01563400 0.00531900 0.09487600
v -0.01414600 0.00302100 0.10094400
v -0.01421800 0.00290100 0.10092700
v -0.01481000 0.00363500 0.09908300
v -0.01428600 0.00278100 0.10090600
v -0.01440200 0.00253500 0.10085800
v -0.01445200 0.00241200 0.10083000
v -0.01434700 0.00265900 0.10088400
v -0.01355200 0.00081400 0.10341900
v -0.01385900 0.00146000 0.10256200
v -0.01359900 0.00072400 0.10335100
v -0.01364100 0.00063200 0.10328100
v -0.01367900 0.00054300 0.10321200
v -0.01355600 0.00007900 0.10355200
v -0.01357000 -0.00000000 0.10352200
v -0.01355600 -0.00008000 0.10355200
v -0.01367900 -0.00054300 0.10321200
v -0.01364100 -0.00063300 0.10328100
v -0.01359900 -0.00072300 0.10335100
v -0.01355200 -0.00081500 0.10341900
v -0.01385900 -0.00145900 0.10256200
v -0.01449600 -0.00228800 0.10080000
v -0.01445200 -0.00241100 0.10083000
v -0.01440200 -0.00253500 0.10085800
v -0.01434700 -0.00265800 0.10088400
v -0.01428600 -0.00278000 0.10090600
v -0.01449600 0.00228700 0.10080000
v -0.01425300 -0.00284100 0.10091700
v -0.01421800 -0.00290100 0.10092700
v -0.01418300 -0.00296100 0.10093600
v -0.01414600 -0.00302000 0.10094400
v -0.01547700 0.00410300 0.09722600
v -0.01632600 0.00453900 0.09487600
v -0.01567200 -0.00371700 0.09721300
v -0.01561400 -0.00384800 0.09722000
v -0.01554900 -0.00397700 0.09722400
v -0.01639800 -0.00441000 0.09487600
v -0.01632600 -0.00453800 0.09487600
v -0.01629800 -0.00458400 0.09487600
v -0.01624700 -0.00466400 0.09487600
v -0.01575100 -0.00522300 0.09487600
v -0.01570600 -0.00526000 0.09487600
v -0.01563400 -0.00531900 0.09487600
v -0.01558700 -0.00535400 0.09487600
v -0.01459300 -0.00507400 0.09711500
v -0.01551300 -0.00540800 0.09487600
v -0.01546300 -0.00544200 0.09487600
v -0.01447400 -0.00515600 0.09708900
v -0.01435200 -0.00523100 0.09706100
v -0.01422900 -0.00530000 0.09703200
v -0.01410300 -0.00536200 0.09700000
v -0.01273900 -0.00472900 0.09981700
v -0.01319200 -0.00498400 0.09886400
v -0.01397700 -0.00541800 0.09696600
v -0.01173500 -0.00404900 0.10175700
v -0.01261500 -0.00476800 0.09978300
v -0.01217000 -0.00445000 0.10075400
v -0.01189000 -0.00427600 0.10123300
v -0.01161500 -0.00407300 0.10172400
v -0.01149700 -0.00409200 0.10168900
v -0.00890100 -0.00418400 0.10148000
v -0.00887000 -0.00418300 0.10148000
v -0.00890100 -0.00445300 0.10081500
v -0.00880800 -0.00455000 0.10054300
v -0.00874800 -0.00454300 0.10054100
v -0.00868800 -0.00453200 0.10053700
v -0.00862900 -0.00451800 0.10053200
v -0.00857000 -0.00450100 0.10052600
v -0.00851300 -0.00448000 0.10051900
v -0.00845700 -0.00445600 0.10051000
v -0.00840300 -0.00442900 0.10049900
v -0.00835000 -0.00439900 0.10048900
v -0.00830000 -0.00436500 0.10047700
v -0.00825100 -0.00432800 0.10046300
v -0.00820500 -0.00428900 0.10044900
v -0.00816200 -0.00424800 0.10043300
v -0.00812100 -0.00420300 0.10041700
v -0.00808400 -0.00415600 0.10040100
v -0.00804900 -0.00410700 0.10038300
v -0.00804900 -0.00374700 0.10129200
v -0.00801700 -0.00339300 0.10192800
v -0.00792800 -0.00243000 0.10307800
v -0.00792800 -0.00266100 0.10274500
v -0.00794500 -0.00296100 0.10236700
v -0.00799000 -0.00334200 0.10190300
v -0.00796600 -0.00329000 0.10187600
v -0.00794500 -0.00323600 0.10185000
v -0.00790700 -0.00061400 0.10437400
v -0.00790700 -0.00046800 0.10441500
v -0.00790700 -0.00032100 0.10444700
v -0.00790700 -0.00091100 0.10425900
v -0.00790700 -0.00076100 0.10432300
v -0.00790700 -0.00104800 0.10419100
v -0.00790700 -0.00119100 0.10410900
v -0.00790700 -0.00017400 0.10446900
v -0.00791000 -0.00000000 0.10451400
v -0.00791600 -0.00002600 0.10454500
v -0.00790700 -0.00148800 0.10390000
v -0.00790700 -0.00164800 0.10376600
v -0.00790700 -0.00133600 0.10401200
v -0.00790700 -0.00181800 0.10360500
v -0.00791600 -0.00224500 0.10321900
v -0.00790700 -0.00219500 0.10318000
v -0.00790700 -0.00200100 0.10341200
v -0.00791600 -0.00238100 0.10304100
v -0.00791000 0.00002400 0.10451300
v -0.00790300 0.00002100 0.10445200
v -0.00790300 0.00017100 0.10443900
v -0.00790300 0.00031600 0.10441700
v -0.00790300 0.00046100 0.10438600
v -0.00790300 0.00060600 0.10434500
v -0.00790300 0.00075100 0.10429500
v -0.00790300 0.00089900 0.10423200
v -0.00790300 0.00117500 0.10408300
v -0.00790300 0.00103400 0.10416400
v -0.00790300 0.00131900 0.10398800
v -0.00790300 0.00146900 0.10387700
v -0.00790300 0.00162900 0.10374300
v -0.00790300 0.00179700 0.10358400
v -0.00790300 0.00217200 0.10316100
v -0.00790300 0.00197800 0.10339200
v -0.00790300 0.00230600 0.10298600
v -0.00791000 0.00235400 0.10302200
v -0.00791000 0.00258100 0.10269400
v -0.00792100 0.00263200 0.10272500
v -0.00792100 0.00287800 0.10231900
v -0.00792100 0.00315100 0.10180800
v -0.00793500 0.00350400 0.10118700
v -0.00793500 0.00385800 0.10029300
v -0.00795300 0.00391300 0.10031200
v -0.00797400 0.00396800 0.10033200
v -0.00792100 0.00345000 0.10116300
v -0.00799800 0.00402100 0.10035100
v -0.00802700 0.00407200 0.10037000
v -0.00805900 0.00412100 0.10038800
v -0.00809400 0.00416900 0.10040600
v -0.00813200 0.00421500 0.10042200
v -0.00817400 0.00425900 0.10043800
v -0.00821800 0.00430000 0.10045300
v -0.00826400 0.00433800 0.10046700
v -0.00831400 0.00437500 0.10048000
v -0.00836500 0.00440700 0.10049200
v -0.00842000 0.00443800 0.10050300
v -0.00847600 0.00446500 0.10051300
v -0.00853400 0.00448800 0.10052100
v -0.00859300 0.00450800 0.10052800
v -0.00865400 0.00452500 0.10053400
v -0.00871500 0.00453700 0.10053900
v -0.00877800 0.00454700 0.10054200
v -0.00884100 0.00418200 0.10147900
v -0.00890100 0.00418300 0.10148000
v -0.01149700 0.00409100 0.10168900
v -0.01159800 0.00424300 0.10134000
v -0.01177000 0.00429800 0.10119900
v -0.01204800 0.00447800 0.10071900
v -0.01210900 0.00446500 0.10073700
v -0.01249000 0.00480000 0.09974800
v -0.01287800 0.00508100 0.09877600
v -0.01294000 0.00506500 0.09879400
v -0.01300300 0.00504600 0.09881300
v -0.01306600 0.00502700 0.09883000
v -0.01312900 0.00500600 0.09884700
v -0.01385000 0.00546700 0.09693000
v -0.01438400 0.00589300 0.09498600
v -0.01484900 0.00575600 0.09487600
v -0.01488200 0.00351200 0.09907500
v -0.01554900 0.00397600 0.09722400
v -0.01572500 0.00358600 0.09720300
v -0.01577100 0.00345300 0.09719200
v -0.01581100 0.00332100 0.09717700
v -0.01390100 0.00134900 0.10251300
v -0.01453400 0.00216400 0.10076900
v -0.01393800 0.00123800 0.10246100
v -0.01397000 0.00112900 0.10240900
v -0.01381200 0.00056200 0.10287000
v -0.01369600 0.00027700 0.10318700
v -0.01366700 0.00018400 0.10326700
v -0.01364800 0.00011300 0.10331900
v -0.01362500 -0.00000000 0.10338100
v -0.01364000 -0.00008000 0.10334100
v -0.01365100 -0.00012700 0.10331000
v -0.01373200 -0.00037700 0.10308700
v -0.01386800 -0.00067800 0.10271400
v -0.01397000 -0.00112900 0.10240900
v -0.01369400 -0.00027300 0.10319100
v -0.01393800 -0.00123900 0.10246100
v -0.01390100 -0.00134900 0.10251300
v -0.01453400 -0.00216400 0.10076900
v -0.01584400 -0.00318900 0.09716100
v -0.01581100 -0.00332200 0.09717700
v -0.01577100 -0.00345300 0.09719200
v -0.01572500 -0.00358500 0.09720300
v -0.01584400 0.00319000 0.09716100
v -0.01639800 0.00441100 0.09487600
v -0.01657000 -0.00401300 0.09487600
v -0.01651900 -0.00414700 0.09487600
v -0.01650000 -0.00419500 0.09487600
v -0.01643900 -0.00432700 0.09487600
v -0.01538700 -0.00549100 0.09487600
v -0.01533400 -0.00552300 0.09487600
v -0.01525600 -0.00556800 0.09487600
v -0.01520200 -0.00559800 0.09487600
v -0.01512300 -0.00563700 0.09487600
v -0.01506600 -0.00566400 0.09487600
v -0.01498700 -0.00570100 0.09487600
v -0.01484900 -0.00575600 0.09487600
v -0.01438400 -0.00589300 0.09498600
v -0.01306600 -0.00502700 0.09883000
v -0.01385000 -0.00546800 0.09693000
v -0.01249000 -0.00480000 0.09974800
v -0.01294000 -0.00506400 0.09879400
v -0.01204800 -0.00447700 0.10071900
v -0.01177000 -0.00429900 0.10119900
v -0.01159400 -0.00423700 0.10135500
v -0.01180700 -0.00451600 0.10064600
v -0.00887000 -0.00455300 0.10054400
v -0.00890100 -0.00470700 0.10011000
v -0.00874800 -0.00494700 0.09931600
v -0.00868800 -0.00493700 0.09931300
v -0.00862900 -0.00492300 0.09930900
v -0.00857000 -0.00490500 0.09930400
v -0.00851300 -0.00488400 0.09929800
v -0.00845700 -0.00485900 0.09929000
v -0.00840300 -0.00483100 0.09928100
v -0.00835000 -0.00480100 0.09927200
v -0.00830000 -0.00476700 0.09926200
v -0.00825100 -0.00472900 0.09925100
v -0.00820500 -0.00468900 0.09923900
v -0.00816200 -0.00464700 0.09922600
v -0.00812100 -0.00460100 0.09921200
v -0.00808400 -0.00455300 0.09919800
v -0.00801700 -0.00405500 0.10036400
v -0.00801700 -0.00369700 0.10127000
v -0.00804900 -0.00450300 0.09918300
v -0.00801700 -0.00445100 0.09916700
v -0.00799000 -0.00364500 0.10124700
v -0.00791600 -0.00260800 0.10271100
v -0.00792800 -0.00290800 0.10233700
v -0.00791600 -0.00285400 0.10230600
v -0.00792800 -0.00318200 0.10182300
v -0.00796600 -0.00359200 0.10122500
v -0.00794500 -0.00353700 0.10120100
v -0.00790200 -0.00059700 0.10431800
v -0.00790200 -0.00045400 0.10435900
v -0.00790200 -0.00031100 0.10438900
v -0.00790200 -0.00016700 0.10441100
v -0.00790200 -0.00088600 0.10420600
v -0.00790200 -0.00074000 0.10426800
v -0.00790200 -0.00116100 0.10405800
v -0.00790200 -0.00102000 0.10413900
v -0.00790200 -0.00130400 0.10396500
v -0.00790200 -0.00145100 0.10385400
v -0.00790200 -0.00160900 0.10372100
v -0.00790200 -0.00177700 0.10356300
v -0.00790200 -0.00215000 0.10314400
v -0.00790700 -0.00232900 0.10300400
v -0.00790200 -0.00195600 0.10337300
v -0.00790700 -0.00255500 0.10267600
v -0.00790000 0.00020500 0.10435400
v -0.00790000 0.00039300 0.10431900
v -0.00790000 0.00058100 0.10427000
v -0.00790000 0.00076800 0.10420100
v -0.00790000 0.00094100 0.10412300
v -0.00790000 0.00112100 0.10402100
v -0.00790000 0.00131000 0.10389700
v -0.00790000 0.00150800 0.10374200
v -0.00790000 0.00172100 0.10354700
v -0.00790000 0.00195600 0.10329700
v -0.00790000 0.00221600 0.10297400
v -0.00790300 0.00253100 0.10266100
v -0.00791000 0.00282600 0.10229000
v -0.00791000 0.00309700 0.10178100
v -0.00791000 0.00339500 0.10114000
v -0.00792100 0.00380300 0.10027200
v -0.00793500 0.00425000 0.09910700
v -0.00795300 0.00430700 0.09912300
v -0.00797400 0.00436200 0.09914100
v -0.00799800 0.00441600 0.09915600
v -0.00802700 0.00446800 0.09917200
v -0.00805900 0.00451900 0.09918800
v -0.00809400 0.00456800 0.09920200
v -0.00813200 0.00461400 0.09921700
v -0.00817400 0.00465800 0.09923000
v -0.00821800 0.00470000 0.09924200
v -0.00826400 0.00474000 0.09925400
v -0.00831400 0.00477700 0.09926500
v -0.00836500 0.00481000 0.09927500
v -0.00842000 0.00484100 0.09928400
v -0.00847600 0.00486800 0.09929300
v -0.00853400 0.00489100 0.09930000
v -0.00859300 0.00491200 0.09930600
v -0.00865400 0.00492900 0.09931100
v -0.00871500 0.00494200 0.09931500
v -0.00884100 0.00455100 0.10054400
v -0.00877800 0.00495100 0.09931700
v -0.00884100 0.00495700 0.09931900
v -0.00890100 0.00451800 0.10064200
v -0.01180900 0.00451900 0.10064100
v -0.01192700 0.00450000 0.10068300
v -0.01236700 0.00482600 0.09971200
v -0.01242800 0.00481400 0.09973000
v -0.01275300 0.00510900 0.09873900
v -0.01347000 0.00557600 0.09681600
v -0.01359700 0.00554600 0.09685500
v -0.01372400 0.00551000 0.09689300
v -0.01425600 0.00592900 0.09494600
v -0.01443200 0.00590900 0.09487600
v -0.01561400 0.00384700 0.09722000
v -0.01567200 0.00371700 0.09721300
v -0.01657000 0.00401200 0.09487600
v -0.01667600 0.00360600 0.09487600
v -0.01456500 0.00204100 0.10073500
v -0.01587200 0.00305800 0.09714300
v -0.01459200 0.00191900 0.10069900
v -0.01433000 0.00137400 0.10144400
v -0.01407900 0.00103600 0.10213200
v -0.01391800 0.00077100 0.10257700
v -0.01538400 0.00234700 0.09855100
v -0.01672200 0.00084100 0.09487600
v -0.01487700 -0.00194200 0.09994200
v -0.01414100 -0.00112500 0.10196300
v -0.01398100 -0.00087900 0.10240400
v -0.01437000 -0.00142200 0.10133400
v -0.01459200 -0.00191900 0.10069900
v -0.01456500 -0.00204100 0.10073500
v -0.01587200 -0.00305800 0.09714300
v -0.01667600 -0.00360500 0.09487600
v -0.01442300 -0.00591200 0.09487600
v -0.01427600 -0.00594100 0.09487600
v -0.01425600 -0.00592800 0.09494600
v -0.01359700 -0.00554600 0.09685500
v -0.01372400 -0.00551000 0.09689300
v -0.01236700 -0.00482600 0.09971200
v -0.01281500 -0.00509600 0.09875700
v -0.01192700 -0.00450000 0.10068300
v -0.01200800 -0.00474100 0.10000600
v -0.00890100 -0.00495900 0.09932000
v -0.00887000 -0.00495800 0.09931900
v -0.00880800 -0.00495400 0.09931800
v -0.00874800 -0.00536000 0.09780600
v -0.00868800 -0.00534900 0.09780200
v -0.00862900 -0.00533400 0.09779900
v -0.00857000 -0.00531600 0.09779400
v -0.00851300 -0.00529500 0.09778900
v -0.00845700 -0.00527100 0.09778300
v -0.00840300 -0.00524300 0.09777700
v -0.00835000 -0.00521100 0.09776900
v -0.00830000 -0.00517600 0.09776000
v -0.00825100 -0.00513800 0.09775100
v -0.00820500 -0.00509700 0.09774100
v -0.00816200 -0.00505400 0.09772900
v -0.00812100 -0.00500800 0.09771800
v -0.00808400 -0.00496000 0.09770700
v -0.00804900 -0.00491000 0.09769500
v -0.00799000 -0.00400300 0.10034500
v -0.00801700 -0.00485700 0.09768100
v -0.00799000 -0.00439800 0.09915100
v -0.00790700 -0.00280000 0.10227500
v -0.00791600 -0.00312600 0.10179500
v -0.00792800 -0.00348100 0.10117700
v -0.00791600 -0.00342400 0.10115200
v -0.00796600 -0.00394800 0.10032500
v -0.00794500 -0.00389100 0.10030400
v -0.00792800 -0.00383400 0.10028300
v -0.00790000 -0.00058900 0.10426700
v -0.00790000 -0.00040400 0.10431700
v -0.00790000 -0.00020700 0.10435300
v -0.00790000 -0.00000000 0.10437400
v -0.00790000 -0.00094300 0.10412200
v -0.00790000 -0.00076700 0.10420200
v -0.00790000 -0.00111800 0.10402300
v -0.00790000 -0.00130200 0.10390200
v -0.00790000 -0.00149100 0.10375600
v -0.00790000 -0.00168900 0.10357800
v -0.00790000 -0.00190200 0.10335600
v -0.00790200 -0.00228200 0.10296900
v -0.00790000 -0.00217700 0.10302400
v -0.00790200 -0.00250600 0.10264400
v -0.00790000 0.00001600 0.10437300
v -0.00790000 0.00252400 0.10252100
v -0.00790300 0.00277400 0.10226000
v -0.00790300 0.00304300 0.10175400
v -0.00790300 0.00333900 0.10111600
v -0.00790300 0.00368900 0.10023100
v -0.00791000 0.00374500 0.10025200
v -0.00791000 0.00413500 0.09907200
v -0.00792100 0.00419300 0.09908900
v -0.00792100 0.00459500 0.09761600
v -0.00793500 0.00465200 0.09763100
v -0.00795300 0.00471000 0.09764500
v -0.00797400 0.00476600 0.09765900
v -0.00799800 0.00482000 0.09767200
v -0.00802700 0.00487300 0.09768500
v -0.00805900 0.00492400 0.09769800
v -0.00809400 0.00497500 0.09771000
v -0.00813200 0.00502100 0.09772200
v -0.00817400 0.00506700 0.09773200
v -0.00821800 0.00510900 0.09774400
v -0.00826400 0.00514900 0.09775300
v -0.00831400 0.00518700 0.09776200
v -0.00836500 0.00522100 0.09777000
v -0.00842000 0.00525100 0.09777900
v -0.00847600 0.00527900 0.09778500
v -0.00853400 0.00530300 0.09779100
v -0.00859300 0.00532400 0.09779600
v -0.00865400 0.00534000 0.09780000
v -0.00871500 0.00535400 0.09780500
v -0.01192000 0.00464800 0.10028100
v -0.00890100 0.00495800 0.09932000
v -0.00877800 0.00536400 0.09780600
v -0.00890100 0.00504400 0.09903200
v -0.01224600 0.00484700 0.09967400
v -0.01269200 0.00512100 0.09871900
v -0.01334500 0.00559900 0.09677500
v -0.01412900 0.00595700 0.09490500
v -0.01651900 0.00414700 0.09487600
v -0.01589400 0.00292800 0.09712200
v -0.01671100 0.00333500 0.09487600
v -0.01472700 0.00180300 0.10035300
v -0.01653600 0.00303400 0.09538500
v -0.01637500 -0.00295300 0.09582600
v -0.01591900 -0.00269800 0.09708100
v -0.01529600 -0.00228300 0.09879100
v -0.01470100 -0.00177800 0.10042400
v -0.01589400 -0.00292900 0.09712200
v -0.01412900 -0.00595700 0.09490500
v -0.01347000 -0.00557700 0.09681600
v -0.01224600 -0.00484600 0.09967400
v -0.01269200 -0.00512100 0.09871900
v -0.01244800 -0.00515500 0.09864000
v -0.00890100 -0.00533500 0.09795100
v -0.00880800 -0.00536700 0.09780700
v -0.00874800 -0.00588500 0.09537600
v -0.00873000 -0.00588100 0.09537600
v -0.00864600 -0.00586200 0.09537600
v -0.00862900 -0.00585800 0.09537600
v -0.00856400 -0.00583700 0.09537600
v -0.00851300 -0.00581700 0.09537600
v -0.00848400 -0.00580400 0.09537600
v -0.00845700 -0.00579100 0.09537600
v -0.00840700 -0.00576400 0.09537600
v -0.00835000 -0.00572800 0.09537600
v -0.00833300 -0.00571700 0.09537600
v -0.00826400 -0.00566400 0.09537600
v -0.00825100 -0.00565300 0.09537600
v -0.00820000 -0.00560500 0.09537600
v -0.00816200 -0.00556500 0.09537600
v -0.00812100 -0.00551700 0.09537600
v -0.00808700 -0.00547000 0.09537600
v -0.00804900 -0.00541200 0.09537600
v -0.00803800 -0.00539400 0.09537600
v -0.00796600 -0.00434100 0.09913400
v -0.00799000 -0.00480200 0.09766800
v -0.00799700 -0.00531500 0.09537600
v -0.00796600 -0.00474600 0.09765300
v -0.00790700 -0.00307000 0.10176800
v -0.00790200 -0.00301800 0.10174100
v -0.00790200 -0.00274900 0.10224500
v -0.00790700 -0.00336600 0.10112700
v -0.00791600 -0.00377600 0.10026300
v -0.00794500 -0.00428500 0.09911700
v -0.00792800 -0.00422600 0.09909900
v -0.00790000 -0.00232700 0.10282000
v -0.00790000 -0.00260700 0.10238700
v -0.00790000 0.00284900 0.10195800
v -0.00790000 0.00321000 0.10121300
v -0.00790000 0.00370400 0.09995000
v -0.00790300 0.00407800 0.09905400
v -0.00791000 0.00453600 0.09760200
v -0.00791600 0.00505800 0.09537600
v -0.00792100 0.00508200 0.09537600
v -0.00793500 0.00514700 0.09537600
v -0.00795300 0.00520300 0.09537600
v -0.00796300 0.00523200 0.09537600
v -0.00797400 0.00526200 0.09537600
v -0.00799700 0.00531400 0.09537600
v -0.00802700 0.00537400 0.09537600
v -0.00803800 0.00539400 0.09537600
v -0.00809400 0.00548100 0.09537600
v -0.00814000 0.00553900 0.09537600
v -0.00817400 0.00557700 0.09537600
v -0.00820000 0.00560500 0.09537600
v -0.00826400 0.00566400 0.09537600
v -0.00833300 0.00571800 0.09537600
v -0.00842000 0.00577100 0.09537600
v -0.00848400 0.00580400 0.09537600
v -0.00853400 0.00582500 0.09537600
v -0.00856400 0.00583700 0.09537600
v -0.00864600 0.00586300 0.09537600
v -0.00871500 0.00587900 0.09537600
v -0.00890100 0.00563000 0.09669200
v -0.01212600 0.00486200 0.09963500
v -0.01232000 0.00504500 0.09902800
v -0.00884100 0.00537000 0.09780700
v -0.00890100 0.00537100 0.09780900
v -0.01250000 0.00519700 0.09848100
v -0.01256900 0.00514000 0.09868000
v -0.01322200 0.00561800 0.09673400
v -0.01333000 0.00577100 0.09601600
v -0.01399900 0.00597700 0.09487600
v -0.01671100 -0.00333600 0.09487600
v -0.01404200 -0.00597300 0.09487600
v -0.01399900 -0.00597700 0.09487600
v -0.01334500 -0.00560000 0.09677500
v -0.01256900 -0.00514100 0.09868000
v -0.01269000 -0.00534600 0.09790800
v -0.00887000 -0.00537000 0.09780700
v -0.00881400 -0.00589300 0.09537600
v -0.00799000 -0.00530000 0.09537600
v -0.00794500 -0.00468700 0.09763900
v -0.00796300 -0.00523200 0.09537600
v -0.00794500 -0.00517900 0.09537600
v -0.00790200 -0.00331200 0.10110500
v -0.00790000 -0.00298200 0.10169800
v -0.00790700 -0.00371700 0.10024100
v -0.00791600 -0.00416700 0.09908100
v -0.00790700 -0.00410700 0.09906400
v -0.00792800 -0.00462800 0.09762500
v -0.00790000 0.00422700 0.09824000
v -0.00790100 0.00401900 0.09903700
v -0.00790300 0.00447800 0.09758800
v -0.00790400 0.00496900 0.09537600
v -0.00791000 0.00502100 0.09537600
v -0.00873000 0.00588200 0.09537600
v -0.00881400 0.00589200 0.09537600
v -0.00884100 0.00589500 0.09537600
v -0.00890100 0.00589700 0.09537600
v -0.01309900 0.00563000 0.09669200
v -0.01090100 0.00589700 0.09537600
v -0.01385400 0.00598600 0.09487600
v -0.01322100 -0.00561800 0.09673400
v -0.01309900 -0.00562900 0.09669200
v -0.00890100 -0.00589600 0.09537600
v -0.00887000 -0.00589500 0.09537600
v -0.01090100 -0.00598700 0.09487600
v -0.00793500 -0.00514600 0.09537600
v -0.00790200 -0.00366200 0.10022100
v -0.00790000 -0.00341400 0.10072500
v -0.00791600 -0.00456700 0.09760900
v -0.00790200 -0.00405100 0.09904600
v -0.00790700 -0.00450700 0.09759500
v -0.00790200 -0.00445000 0.09758000
v -0.00791600 -0.00505900 0.09537600
v -0.00790000 0.00487800 0.09537600
v -0.00790100 0.00441900 0.09757300
v -0.01090100 -0.00589600 0.09537600
v -0.00790000 -0.00362600 0.10016700
v -0.00790000 -0.00419100 0.09837200
v -0.00790400 -0.00496800 0.09537600
v -0.00790200 -0.00493100 0.09537600
v -0.00790000 -0.00486500 0.09544600
v -0.00790000 -0.00487800 0.09537600
f 259 256 13
f 259 13 10
f 166 167 164
f 164 158 166
f 166 158 2808
f 334 2943 327
f 327 333 334
f 5 260 263
f 256 20 22
f 2808 158 2664
f 167 166 162
f 162 166 2808
f 2808 2664 162
f 3011 3033 362
f 1 5 266
f 14 255 258
f 253 255 14
f 15 253 14
f 6 260 5
f 6 14 258
f 258 260 6
f 266 5 262
f 5 263 262
f 262 260 266
f 262 263 260
f 12 13 256
f 256 22 12
f 19 22 20
f 19 10 13
f 20 10 19
f 13 12 19
f 19 12 22
f 27 20 256
f 11 10 20
f 11 3 10
f 2539 2694 2540
f 41 40 47
f 42 41 239
f 146 148 142
f 142 173 135
f 161 162 2807
f 2807 162 2664
f 182 131 185
f 132 125 131
f 2988 3018 3019
f 2653 2794 2793
f 2653 2652 2794
f 2483 2652 2653
f 334 333 337
f 337 338 334
f 353 344 346
f 334 338 339
f 339 3000 334
f 366 364 365
f 2998 2943 334
f 334 3000 2998
f 3025 344 3032
f 3032 357 3038
f 358 362 363
f 354 3011 358
f 3011 362 358
f 319 2968 325
f 295 300 2932
f 2932 2931 295
f 295 290 294
f 2932 300 2933
f 2565 2717 2718
f 2937 2841 2840
f 2841 2718 2840
f 2926 282 286
f 2 6 3022
f 15 14 18
f 14 6 18
f 32 29 33
f 205 96 207
f 205 200 96
f 234 61 57
f 57 50 55
f 65 61 232
f 232 230 65
f 73 224 77
f 211 212 75
f 46 231 47
f 47 40 46
f 236 41 233
f 47 231 233
f 233 41 47
f 237 41 236
f 237 239 41
f 42 239 37
f 37 36 42
f 31 245 25
f 25 24 31
f 25 17 24
f 153 158 164
f 148 146 153
f 165 153 164
f 148 153 165
f 140 146 142
f 142 135 140
f 2906 2807 2803
f 67 222 63
f 62 67 63
f 199 98 198
f 98 195 198
f 103 195 98
f 163 162 161
f 163 160 162
f 149 178 174
f 167 162 159
f 162 160 159
f 2804 2807 2664
f 185 131 124
f 131 125 124
f 125 118 124
f 2952 2866 2865
f 2977 280 2978
f 2482 2652 2483
f 104 2522 2363
f 125 132 133
f 84 90 85
f 345 339 338
f 345 346 344
f 344 339 345
f 3001 344 3025
f 3001 339 344
f 3000 339 3001
f 360 365 361
f 361 357 360
f 361 365 364
f 3038 357 361
f 361 3039 3038
f 361 364 3041
f 3041 3039 361
f 360 357 356
f 316 309 315
f 342 343 330
f 319 325 324
f 4 269 265
f 354 340 2959
f 341 2961 340
f 340 350 341
f 272 271 266
f 285 290 286
f 2940 327 2943
f 2940 2939 327
f 2939 2940 2843
f 2843 2938 2939
f 3030 3032 3038
f 2934 2838 2933
f 2934 313 2935
f 308 313 2934
f 2934 2933 300
f 300 308 2934
f 2935 313 2936
f 2937 2840 2936
f 282 2926 278
f 271 277 278
f 277 282 278
f 266 271 2922
f 7 8 3024
f 3024 8 2
f 2 3022 3024
f 9 8 7
f 7 18 9
f 2 8 9
f 9 6 2
f 9 18 6
f 2916 2819 2915
f 35 41 42
f 42 36 35
f 31 24 30
f 30 37 31
f 36 37 30
f 251 29 27
f 33 29 251
f 238 57 55
f 234 57 238
f 33 248 39
f 39 44 48
f 240 238 51
f 51 238 55
f 48 44 51
f 55 50 51
f 64 61 65
f 20 27 21
f 21 11 20
f 3019 11 21
f 27 29 28
f 29 32 28
f 28 21 27
f 2795 2653 2793
f 96 200 101
f 200 106 101
f 77 224 220
f 220 221 77
f 235 61 234
f 235 232 61
f 65 230 69
f 69 64 65
f 230 226 69
f 69 226 73
f 75 212 214
f 79 211 75
f 210 211 79
f 79 83 210
f 210 83 208
f 83 206 208
f 231 46 229
f 2694 2539 2693
f 2539 2692 2693
f 241 37 239
f 241 245 31
f 31 37 241
f 249 250 17
f 17 25 249
f 16 250 253
f 16 253 15
f 17 250 16
f 15 18 16
f 16 18 17
f 142 148 170
f 170 173 142
f 134 135 127
f 134 140 135
f 176 135 173
f 176 177 135
f 2803 2804 2663
f 71 216 217
f 217 67 71
f 71 214 216
f 75 214 71
f 71 70 75
f 219 67 217
f 222 67 219
f 78 79 75
f 78 82 83
f 83 79 78
f 67 62 66
f 70 71 66
f 66 71 67
f 66 2532 70
f 2688 2534 2536
f 2689 2534 2688
f 195 103 193
f 113 116 117
f 181 123 180
f 117 123 181
f 180 123 128
f 135 177 128
f 127 135 128
f 128 123 127
f 121 123 117
f 117 116 121
f 127 123 121
f 2807 2906 2909
f 2906 163 2909
f 161 2807 2909
f 2909 163 161
f 144 149 150
f 143 149 144
f 178 149 143
f 171 159 155
f 155 159 160
f 167 159 169
f 169 159 171
f 2803 2807 2908
f 2908 2804 2803
f 2807 2804 2908
f 185 124 188
f 188 124 118
f 70 2532 2531
f 2536 2534 2377
f 2538 2692 2539
f 2691 2692 2538
f 2539 2380 2538
f 2697 2698 2821
f 2918 2823 2916
f 2376 2377 2534
f 2549 2394 2393
f 2393 2394 2225
f 2705 2706 2553
f 2456 2625 2457
f 2625 2458 2457
f 2988 3017 2980
f 2483 2318 2317
f 2317 2482 2483
f 2794 2652 2651
f 2652 2482 2651
f 1880 2041 1883
f 1880 2040 2041
f 2492 2329 2491
f 110 2522 104
f 110 114 2522
f 119 118 125
f 119 114 118
f 2361 2363 2522
f 2361 2198 2363
f 2799 133 132
f 2657 133 2799
f 2336 2494 2497
f 2800 150 151
f 144 150 2800
f 2682 2800 151
f 2659 2800 2682
f 2682 2661 2659
f 144 145 138
f 138 132 131
f 138 143 144
f 152 145 144
f 2659 145 152
f 144 2800 152
f 152 2800 2659
f 2658 145 2659
f 2658 2659 2496
f 215 86 81
f 77 221 81
f 213 86 215
f 209 86 213
f 95 90 96
f 84 86 91
f 91 90 84
f 96 90 91
f 91 86 209
f 91 209 207
f 207 96 91
f 2357 85 90
f 90 95 2357
f 2483 2653 2484
f 2484 2318 2483
f 2325 2156 2324
f 280 284 283
f 298 2973 297
f 293 2973 298
f 347 340 354
f 1986 2145 2144
f 1985 2145 1986
f 3000 3001 2944
f 2944 2998 3000
f 353 356 352
f 352 344 353
f 352 356 357
f 352 3032 344
f 357 3032 352
f 2726 2572 2728
f 3010 3033 3011
f 2971 315 309
f 288 284 2975
f 319 324 320
f 320 315 319
f 316 315 320
f 3012 3011 354
f 354 2959 3012
f 330 335 331
f 330 331 2965
f 351 341 350
f 351 343 342
f 342 341 351
f 2614 2760 2615
f 2760 2614 2613
f 2622 2623 2454
f 266 260 267
f 267 272 266
f 276 277 271
f 271 272 276
f 281 285 286
f 286 282 281
f 281 282 277
f 294 290 289
f 290 285 289
f 2937 318 322
f 322 2938 2937
f 2935 2936 2839
f 2839 2936 2840
f 2839 2934 2935
f 2838 2934 2839
f 2717 2838 2839
f 2839 2718 2717
f 2839 2840 2718
f 2715 2561 2714
f 3038 3039 3031
f 3031 3030 3038
f 314 317 318
f 313 317 314
f 314 318 2937
f 2937 2936 314
f 314 2936 313
f 307 313 308
f 307 308 300
f 7 3021 3020
f 3035 3021 7
f 3022 3021 3035
f 7 3024 3035
f 3035 3024 3022
f 2996 3021 3022
f 271 278 2925
f 2925 278 2926
f 2925 2926 2831
f 24 17 23
f 17 18 23
f 2818 2915 2819
f 2818 30 24
f 40 41 34
f 41 35 34
f 257 27 256
f 252 248 33
f 33 251 252
f 38 32 33
f 33 39 38
f 2904 32 38
f 38 2795 2904
f 246 39 248
f 44 39 246
f 246 243 44
f 44 243 244
f 244 51 44
f 48 51 49
f 49 51 50
f 2796 48 49
f 49 2653 2796
f 49 50 2653
f 56 57 61
f 50 57 56
f 2989 32 2904
f 2989 28 32
f 2989 2988 3019
f 3019 21 2989
f 21 28 2989
f 202 196 106
f 224 73 227
f 73 226 227
f 225 59 223
f 63 222 223
f 223 59 63
f 58 62 63
f 63 59 58
f 2689 2688 58
f 2536 62 58
f 58 2688 2536
f 247 25 245
f 247 249 25
f 148 165 168
f 168 170 148
f 2496 2659 2516
f 2659 2661 2516
f 2516 2661 2499
f 2661 2682 2802
f 2802 157 2906
f 151 157 2802
f 2802 2682 151
f 2806 2804 2664
f 2664 2663 2806
f 2661 2802 2801
f 2801 2906 2803
f 2801 2802 2906
f 2499 2661 2660
f 2661 2801 2660
f 2907 157 160
f 2906 157 2907
f 160 163 2907
f 2907 163 2906
f 88 82 87
f 83 82 88
f 94 93 98
f 94 88 93
f 199 203 94
f 94 98 199
f 2536 2377 2535
f 2535 62 2536
f 2535 66 62
f 189 113 187
f 117 186 187
f 187 113 117
f 184 186 117
f 117 181 184
f 180 128 179
f 179 128 177
f 127 121 130
f 130 121 129
f 183 178 137
f 178 143 137
f 137 182 183
f 131 182 137
f 137 138 131
f 143 138 137
f 175 149 174
f 175 155 149
f 156 155 160
f 160 157 156
f 156 150 149
f 149 155 156
f 156 157 151
f 151 150 156
f 118 190 191
f 191 188 118
f 2812 2809 2913
f 2811 2809 2812
f 2814 2914 2815
f 2664 2811 2669
f 2667 2666 2669
f 2669 2666 2664
f 2505 2669 2506
f 2525 2365 2524
f 2524 2365 2523
f 158 153 154
f 154 153 146
f 2911 2809 2811
f 2911 154 2914
f 2911 2664 158
f 2911 2811 2664
f 2990 154 146
f 2914 154 2990
f 2815 2914 147
f 147 141 2815
f 2914 2990 147
f 147 2990 146
f 146 140 147
f 140 141 147
f 2364 2520 2365
f 2532 2377 2375
f 2375 2531 2532
f 2505 2506 2343
f 2343 2506 2344
f 1434 1295 1294
f 1293 1434 1294
f 1433 1434 1293
f 2345 2346 2178
f 2178 2177 2345
f 2345 2177 2344
f 2178 2346 2179
f 2180 2179 2346
f 2030 1868 2029
f 2515 2354 2352
f 2354 2186 2352
f 1613 1464 1609
f 1314 1193 1191
f 1194 1081 1193
f 1194 1192 1081
f 1460 1319 1459
f 1459 1604 1607
f 2745 2865 2744
f 2866 2864 2744
f 2744 2865 2866
f 1461 1321 1460
f 1461 1609 1464
f 786 877 978
f 1479 1630 1480
f 1479 1629 1630
f 1344 1633 1483
f 1483 1481 1344
f 2916 2823 2820
f 2820 2819 2916
f 2696 2821 2698
f 2698 2543 2696
f 2819 2820 2696
f 2696 2820 2821
f 2696 34 35
f 2696 2543 2540
f 2209 2054 2052
f 2379 2538 2380
f 2550 2551 2394
f 2394 2549 2550
f 2823 2918 2822
f 2703 2550 2549
f 2540 2543 2384
f 2823 2822 2699
f 2054 2209 2055
f 2226 2225 2394
f 2393 2225 2392
f 2392 2225 2224
f 2224 2223 2392
f 2705 2553 2552
f 2551 2550 2552
f 2550 2703 2552
f 2551 2552 2395
f 2395 2552 2553
f 2394 2551 2395
f 2395 2226 2394
f 2400 2559 2401
f 2401 2231 2400
f 2557 2711 2558
f 2711 2559 2558
f 2558 2559 2400
f 2712 2559 2711
f 2228 2397 2229
f 3018 2988 3016
f 2988 2980 3016
f 3019 3018 3016
f 3016 11 3019
f 3 11 3016
f 2984 2980 3017
f 2793 2794 2648
f 2163 2011 2165
f 2165 2011 2042
f 2042 2196 2165
f 2042 2043 2196
f 2330 2196 2360
f 2360 2493 2330
f 2330 2493 2491
f 2165 2196 2330
f 2360 2196 2197
f 2196 2043 2197
f 2197 2361 2360
f 2198 2361 2197
f 1883 2041 2044
f 2044 2043 1883
f 2044 2197 2043
f 2044 2041 2195
f 2195 2198 2044
f 2198 2197 2044
f 114 110 111
f 104 106 111
f 111 110 104
f 197 194 111
f 111 196 197
f 106 196 111
f 2798 133 2657
f 2657 2799 139
f 139 2658 2657
f 145 2658 139
f 139 2799 132
f 132 138 139
f 139 138 145
f 2495 2497 2657
f 2495 2658 2496
f 2657 2658 2495
f 2336 2497 2495
f 215 81 218
f 218 81 221
f 99 106 104
f 99 101 106
f 96 101 99
f 99 95 96
f 2192 2356 85
f 2359 2198 2195
f 95 99 2359
f 287 284 288
f 287 283 284
f 268 270 274
f 349 350 340
f 354 358 359
f 359 358 363
f 2626 2625 2770
f 2770 2771 2626
f 2626 2458 2625
f 1987 2144 2146
f 1986 2144 1987
f 921 823 920
f 920 1021 921
f 824 743 742
f 2999 3001 3025
f 2999 2944 3001
f 2950 2944 2999
f 2946 3003 2947
f 2572 2726 2594
f 2728 2572 2727
f 2572 2573 2727
f 2085 2239 2240
f 2754 2755 2606
f 2954 2870 2869
f 2969 2968 319
f 319 315 2969
f 2969 2885 2968
f 302 2971 309
f 2976 2975 284
f 2976 280 2977
f 2976 284 280
f 2977 2893 2976
f 2893 2975 2976
f 2974 2973 293
f 293 292 2974
f 288 2975 2974
f 2974 292 288
f 336 330 343
f 336 335 330
f 329 324 325
f 325 331 329
f 329 331 335
f 2881 2767 2880
f 2877 2878 2764
f 2961 2878 2877
f 2968 2885 2884
f 2884 2883 2968
f 2884 2771 2770
f 2885 2771 2884
f 2968 2883 2967
f 2967 325 2968
f 2967 331 325
f 2448 2614 2280
f 2448 2613 2614
f 2624 2625 2456
f 2456 2623 2624
f 2455 2623 2456
f 2455 2454 2623
f 2769 2884 2770
f 2883 2884 2769
f 2769 2624 2623
f 2770 2625 2769
f 2625 2624 2769
f 327 2939 323
f 2939 2938 323
f 2938 322 323
f 2931 2835 2930
f 2930 2929 290
f 290 295 2930
f 2930 295 2931
f 2716 2838 2717
f 2716 2715 2838
f 2716 2563 2715
f 2714 2835 2836
f 2836 2715 2714
f 2836 2931 2932
f 2836 2835 2931
f 2719 2718 2841
f 2844 2846 2851
f 2852 2851 2950
f 2731 2851 2852
f 2410 2569 2411
f 2411 2569 2570
f 312 317 313
f 313 307 312
f 300 295 299
f 299 295 294
f 7 3020 2992
f 2992 18 7
f 2994 2918 2995
f 2995 2919 2994
f 2995 3020 3021
f 3021 2996 2995
f 2997 6 5
f 5 1 2997
f 2997 1 266
f 266 2922 2997
f 271 2925 2924
f 40 34 2695
f 2694 40 2695
f 2540 2694 2695
f 2695 2696 2540
f 34 2696 2695
f 254 251 27
f 27 257 254
f 43 39 48
f 43 38 39
f 43 48 2796
f 2796 2653 43
f 2653 2795 43
f 2795 38 43
f 240 51 242
f 51 244 242
f 61 64 60
f 60 56 61
f 50 56 2654
f 2653 50 2654
f 2654 2484 2653
f 64 69 68
f 68 69 73
f 73 72 68
f 68 72 2489
f 80 86 84
f 80 81 86
f 80 2356 2490
f 84 85 80
f 85 2356 80
f 2490 2489 76
f 2489 72 76
f 76 80 2490
f 76 73 77
f 76 72 73
f 77 81 76
f 81 80 76
f 201 106 200
f 201 202 106
f 53 228 229
f 53 229 46
f 225 228 53
f 53 59 225
f 2805 2663 2804
f 2804 2806 2805
f 2805 2806 2663
f 2499 2660 2498
f 2369 88 87
f 93 88 92
f 88 2369 92
f 92 2369 2368
f 2201 2202 2047
f 98 93 97
f 97 103 98
f 102 103 97
f 2367 2368 2202
f 2202 2201 2367
f 203 204 89
f 89 94 203
f 89 204 206
f 89 206 83
f 83 88 89
f 88 94 89
f 2370 2204 87
f 87 82 2370
f 82 78 2370
f 2202 2368 2203
f 87 2204 2203
f 2203 2369 87
f 2368 2369 2203
f 2372 2374 2530
f 70 2531 2530
f 2530 2375 2372
f 2531 2375 2530
f 75 70 74
f 74 78 75
f 70 2530 74
f 74 2530 2374
f 2205 2374 2372
f 2051 2204 2205
f 2532 66 2533
f 66 2535 2533
f 2533 2377 2532
f 2533 2535 2377
f 108 192 193
f 108 193 103
f 108 107 113
f 189 192 108
f 108 113 189
f 108 103 102
f 102 107 108
f 116 113 112
f 113 107 112
f 127 130 136
f 136 130 2679
f 171 155 172
f 155 175 172
f 2811 2812 2810
f 2677 2679 2511
f 2677 2678 2679
f 2511 2510 2677
f 2815 2678 2677
f 2677 2814 2815
f 2675 2814 2677
f 2913 2809 2813
f 2813 2812 2913
f 2914 2814 2813
f 2813 2814 2675
f 2508 2675 2676
f 2675 2677 2676
f 2676 2677 2510
f 2507 2675 2508
f 2507 2506 2675
f 2508 2344 2507
f 2344 2506 2507
f 2675 2506 2673
f 2811 2810 2673
f 2673 2813 2675
f 2673 2810 2812
f 2812 2813 2673
f 2679 130 2680
f 2680 130 129
f 122 121 116
f 129 121 122
f 122 2680 129
f 2681 2680 122
f 2523 2681 2684
f 116 112 2684
f 2684 122 116
f 2681 122 2684
f 2816 2678 2815
f 2815 141 2816
f 2679 2678 2816
f 2816 136 2679
f 140 134 2816
f 2816 141 140
f 2816 134 127
f 127 136 2816
f 2809 2911 2912
f 2912 2911 2914
f 2912 2813 2809
f 2914 2813 2912
f 158 154 2910
f 2910 2911 158
f 154 2911 2910
f 2365 2520 2519
f 2519 2518 2365
f 2519 2520 2354
f 2354 2518 2519
f 2517 2354 2515
f 2517 2518 2354
f 2515 2365 2517
f 2365 2518 2517
f 2047 1885 2046
f 2048 1885 2047
f 2047 2202 2048
f 1886 2048 1887
f 1885 2048 1886
f 2377 2376 2208
f 2208 2375 2377
f 2208 2209 2052
f 2052 1889 1888
f 1888 2051 2052
f 1739 1887 1888
f 2344 2177 2176
f 2176 2343 2344
f 2175 2343 2176
f 2175 2176 2021
f 2021 2176 2177
f 1854 1707 1853
f 2496 2516 2353
f 2353 2516 2499
f 2023 1863 2026
f 2026 1863 2020
f 1423 1285 1284
f 2187 2186 2354
f 2187 2033 2186
f 2513 2680 2681
f 1196 1321 1198
f 1086 1084 1197
f 1294 1295 1176
f 1176 1175 1294
f 477 516 439
f 477 515 516
f 513 515 477
f 619 685 686
f 686 620 619
f 622 623 565
f 479 517 480
f 516 515 563
f 703 634 633
f 633 634 575
f 1613 1609 1754
f 1312 1191 1311
f 1085 1197 1084
f 1196 1198 1085
f 1198 1197 1085
f 1460 1459 1608
f 1608 1461 1460
f 1609 1461 1608
f 1608 1459 1607
f 1451 1310 1450
f 1310 1449 1450
f 1448 1449 1309
f 1309 1449 1310
f 1077 1188 1189
f 1189 1078 1077
f 1189 1309 1310
f 1188 1309 1189
f 2734 2596 2579
f 2238 2407 2239
f 1775 1923 1924
f 2084 1924 2083
f 1925 1924 2084
f 2084 2239 2085
f 2084 2238 2239
f 2084 2083 2237
f 2237 2238 2084
f 1315 1194 1319
f 1319 1316 1315
f 1192 1194 1315
f 1315 1316 1192
f 1320 1321 1196
f 1460 1321 1320
f 1320 1319 1460
f 1320 1316 1319
f 1464 1462 1324
f 1324 1461 1464
f 1321 1461 1324
f 1324 1198 1321
f 1611 1757 1612
f 2073 1914 2072
f 2225 2226 2072
f 1767 1916 1768
f 1614 1466 1612
f 1612 1757 1614
f 1757 1759 1614
f 1614 1759 1760
f 1760 1761 1616
f 1616 1614 1760
f 1615 1614 1616
f 453 422 421
f 392 389 414
f 578 531 529
f 529 577 578
f 528 577 529
f 489 528 529
f 705 779 780
f 708 783 784
f 579 531 578
f 578 637 579
f 579 532 531
f 714 790 791
f 1094 1206 1095
f 991 999 895
f 990 999 991
f 712 642 711
f 981 884 791
f 981 880 882
f 882 983 981
f 1775 1924 1776
f 1776 1924 1925
f 1630 1629 1777
f 1777 1776 1927
f 1629 1776 1777
f 1774 1923 1775
f 1480 1630 1482
f 1482 1344 1480
f 1633 1344 1482
f 1355 1354 1493
f 1493 1354 1492
f 1645 1791 1790
f 1342 1341 1480
f 1480 1344 1342
f 1344 1217 1342
f 2697 2821 2700
f 2821 2820 2700
f 2700 2820 2823
f 2823 2699 2700
f 30 2818 2817
f 2817 2818 2819
f 2819 2696 2817
f 36 30 2817
f 2817 35 36
f 2817 2696 35
f 2538 2379 2537
f 2537 2534 2689
f 2689 2690 2537
f 2691 2538 2537
f 2537 2690 2691
f 2380 2214 2213
f 2213 2379 2380
f 2213 2214 2059
f 2917 2918 2994
f 2917 2822 2918
f 2994 2919 2917
f 2917 2919 2826
f 2381 2214 2380
f 2540 2384 2381
f 2381 2539 2540
f 2381 2380 2539
f 2542 2698 2697
f 2542 2543 2698
f 2542 2384 2543
f 2059 2214 2061
f 2227 2228 2073
f 2709 2555 2708
f 2396 2397 2228
f 2228 2227 2396
f 2559 2712 2560
f 2714 2561 2560
f 2562 2563 2405
f 2561 2715 2562
f 2715 2563 2562
f 2564 2717 2565
f 2405 2563 2564
f 2564 2716 2717
f 2563 2716 2564
f 2410 2239 2409
f 2239 2407 2409
f 2409 2407 2565
f 2400 2231 2399
f 2399 2558 2400
f 2557 2558 2399
f 2402 2401 2559
f 2559 2560 2402
f 2561 2403 2402
f 2402 2560 2561
f 2885 2969 2886
f 2886 2771 2885
f 2971 302 2972
f 297 2973 2972
f 2972 302 297
f 3013 270 269
f 2896 3013 2980
f 2794 2651 2650
f 2333 2334 2167
f 2167 2332 2333
f 2336 2334 2333
f 2333 2332 2336
f 1853 2012 2014
f 2014 1854 1853
f 2336 2332 2168
f 2168 2332 2167
f 2043 2042 1882
f 1882 1734 1883
f 1883 2043 1882
f 1830 1987 1988
f 1988 1987 2146
f 1733 1730 1880
f 1883 1734 1733
f 1733 1880 1883
f 2328 2491 2329
f 2328 2330 2491
f 2165 2330 2328
f 2328 2329 2164
f 2328 2163 2165
f 2164 2163 2328
f 115 194 190
f 115 111 194
f 115 190 118
f 118 114 115
f 114 111 115
f 125 133 2905
f 133 2798 2905
f 2194 2359 2195
f 2195 2041 2194
f 2041 2040 2194
f 2326 2489 2490
f 2325 2489 2326
f 2358 2357 95
f 95 2359 2358
f 2358 2194 2357
f 2359 2194 2358
f 2157 2156 2325
f 2325 2158 2157
f 2155 2324 2156
f 2324 2323 2487
f 64 68 2487
f 2487 68 2324
f 288 292 291
f 291 287 288
f 291 292 293
f 275 268 274
f 275 2978 280
f 280 283 279
f 269 270 264
f 270 268 264
f 340 347 348
f 348 349 340
f 355 347 354
f 354 359 355
f 722 800 720
f 2132 2294 2133
f 1972 2132 1973
f 2461 2460 2628
f 2627 2626 2771
f 2628 2460 2627
f 2460 2459 2627
f 2458 2626 2627
f 2627 2459 2458
f 2146 2144 2143
f 2304 2143 2305
f 1826 1681 1679
f 1679 1825 1826
f 1826 1825 1982
f 1039 1060 951
f 546 547 502
f 742 670 669
f 669 824 742
f 743 824 825
f 677 678 613
f 552 507 551
f 372 382 383
f 657 597 656
f 629 694 696
f 1139 1025 1138
f 748 674 747
f 1443 1305 1442
f 1442 1583 1443
f 1443 1583 1586
f 1415 1305 1443
f 1146 1261 1262
f 1262 1261 1260
f 3025 3032 3007
f 3007 2999 3025
f 2950 2999 3007
f 2952 2865 2867
f 2867 2865 2745
f 2953 2947 3003
f 2952 2867 2953
f 2953 2867 2947
f 2729 2727 2573
f 2728 2727 2729
f 1927 1776 1926
f 1926 1776 1925
f 1926 2084 2085
f 1925 2084 1926
f 2280 2614 2449
f 2958 3010 3011
f 3011 3012 2958
f 2958 3012 2959
f 2959 2877 2958
f 2957 3008 3010
f 2618 2763 2764
f 2124 2285 2125
f 1009 907 909
f 1371 1372 1240
f 2601 2750 2751
f 2752 2604 2602
f 2602 2751 2752
f 2601 2751 2602
f 2753 2604 2752
f 2605 2754 2606
f 2435 2599 2436
f 2436 2599 2437
f 1500 1501 1362
f 2869 2870 2759
f 2870 2760 2759
f 2760 2613 2759
f 2869 2759 2758
f 2758 2759 2611
f 2610 2757 2609
f 2609 2611 2447
f 2757 2758 2609
f 2609 2758 2611
f 2447 2611 2612
f 2612 2448 2447
f 2613 2448 2612
f 2612 2759 2613
f 2611 2759 2612
f 2606 2755 2607
f 2756 2607 2755
f 2608 2607 2756
f 2756 2757 2610
f 2610 2608 2756
f 2446 2608 2610
f 2446 2609 2447
f 2610 2609 2446
f 3034 3008 3033
f 3033 3010 3034
f 3010 3008 3034
f 315 2971 2970
f 2970 2969 315
f 2971 2886 2970
f 2970 2886 2969
f 2892 2975 2893
f 2893 2778 2892
f 2892 2974 2975
f 2891 2974 2892
f 2973 2974 2890
f 2890 2974 2891
f 2879 2878 2961
f 2764 2878 2879
f 2880 2879 2963
f 2964 2965 2881
f 2881 2880 2964
f 2880 2963 2964
f 342 330 2964
f 330 2965 2964
f 2964 341 342
f 2964 2963 341
f 2766 2880 2767
f 2766 2879 2880
f 2622 2620 2766
f 2766 2767 2622
f 2961 2877 2960
f 2960 2877 2959
f 340 2961 2960
f 2960 2959 340
f 2881 2965 2966
f 2966 2965 331
f 331 2967 2966
f 2286 2125 2285
f 2287 2125 2286
f 2285 2454 2286
f 2454 2455 2286
f 2456 2287 2286
f 2286 2455 2456
f 2768 2769 2623
f 2768 2623 2622
f 2622 2767 2768
f 326 323 322
f 2834 2712 2711
f 2711 2833 2834
f 2835 2712 2834
f 2929 2930 2834
f 2834 2930 2835
f 2927 2833 2926
f 2927 2926 286
f 2838 2715 2837
f 2715 2836 2837
f 2933 2838 2837
f 2932 2933 2837
f 2837 2836 2932
f 2843 2723 2720
f 2724 2844 2721
f 2846 2844 2724
f 2724 2723 2843
f 2950 2851 2941
f 2851 2846 2941
f 2941 2944 2950
f 2941 2846 2944
f 3040 3037 3031
f 3040 3039 3041
f 3040 3031 3039
f 3031 3037 3029
f 3030 3031 3029
f 3029 3006 3030
f 2721 2844 2722
f 2570 2569 2722
f 2849 2729 2731
f 2850 2729 2849
f 2408 2240 2239
f 2408 2411 2240
f 2408 2239 2410
f 2410 2411 2408
f 306 307 300
f 2916 2915 2993
f 2993 2992 3020
f 3020 2995 2993
f 2993 2918 2916
f 2993 2995 2918
f 18 2992 2991
f 2991 2993 2915
f 2992 2993 2991
f 2919 2995 2920
f 2920 2995 2996
f 2826 2919 2920
f 2996 2997 2921
f 2921 2920 2996
f 3023 3022 6
f 6 2997 3023
f 3023 2996 3022
f 3023 2997 2996
f 2923 2922 271
f 271 2924 2923
f 56 60 54
f 54 2654 56
f 2485 2484 54
f 2484 2654 54
f 2325 2324 2488
f 2324 68 2488
f 2488 2489 2325
f 2488 68 2489
f 52 58 59
f 59 53 52
f 52 53 46
f 2691 2690 52
f 52 2690 2689
f 2689 58 52
f 2504 2666 2667
f 2504 2503 2666
f 2504 2669 2505
f 2664 2666 2665
f 2339 2498 2340
f 2170 2185 2337
f 2498 2339 2337
f 2662 2660 2801
f 2803 2663 2662
f 2662 2801 2803
f 2340 2498 2500
f 2500 2501 2340
f 2500 2498 2660
f 2660 2662 2500
f 2500 2662 2501
f 2200 2201 2047
f 2047 2046 2200
f 2200 2364 2365
f 2365 2201 2200
f 2368 2367 2529
f 93 92 2529
f 2529 92 2368
f 2366 2201 2365
f 2366 2367 2201
f 2366 2365 2525
f 2525 2527 2366
f 2050 2204 2051
f 2050 2203 2204
f 2051 1888 2050
f 2050 1888 1887
f 2374 2205 2373
f 78 74 2373
f 2373 74 2374
f 2373 2205 2204
f 2686 112 107
f 2686 2524 2523
f 2510 2347 2509
f 2508 2676 2509
f 2509 2676 2510
f 2509 2344 2508
f 2509 2345 2344
f 2346 2345 2509
f 2509 2347 2346
f 2181 2028 2180
f 2181 2180 2346
f 2346 2347 2181
f 2672 2669 2811
f 2672 2671 2669
f 2506 2671 2672
f 2811 2673 2672
f 2672 2673 2506
f 2669 2671 2674
f 2674 2671 2506
f 2526 2687 102
f 2525 2687 2526
f 2526 2527 2525
f 102 97 2526
f 2526 97 2527
f 1738 1887 1739
f 1738 1886 1887
f 1877 1875 2036
f 1588 1587 1735
f 2054 1892 2053
f 2052 2054 2053
f 2053 1889 2052
f 2053 1890 1889
f 2207 2208 2052
f 2372 2375 2207
f 2375 2208 2207
f 1860 1863 2023
f 2023 2021 1860
f 1586 1556 1555
f 1555 1443 1586
f 1161 1412 1275
f 1586 1583 1731
f 1851 2012 1853
f 1851 1850 2012
f 1853 1707 1851
f 2167 2334 2335
f 2335 2185 2167
f 2335 2353 2185
f 2335 2334 2336
f 2336 2495 2335
f 2335 2495 2496
f 2496 2353 2335
f 2167 2185 2184
f 2184 2169 2167
f 2017 2013 2167
f 2167 2169 2017
f 2016 2017 2169
f 1855 2013 2016
f 2013 2017 2016
f 2173 2021 2023
f 2023 2026 2173
f 2173 2339 2340
f 2018 2019 2020
f 1859 1712 2018
f 2018 1863 1859
f 2020 1863 2018
f 1710 1712 1711
f 1711 1712 1564
f 1284 1421 1563
f 1711 1564 1563
f 1563 1710 1711
f 1424 1287 1285
f 1285 1423 1424
f 1285 1287 1288
f 1288 1168 1285
f 1288 1290 1171
f 1567 1568 1426
f 1426 1568 1569
f 1870 1872 1723
f 1173 1293 1294
f 1426 1569 1427
f 1427 1569 1570
f 1427 1288 1287
f 1427 1424 1426
f 1287 1424 1427
f 1723 1872 1873
f 2024 2177 2178
f 2031 2033 1872
f 1872 1870 2031
f 1868 2030 2031
f 2183 2352 2186
f 2186 2033 2183
f 2183 2030 2029
f 2183 2031 2030
f 2033 2031 2183
f 2035 2191 2036
f 2036 1875 2035
f 2354 2189 2188
f 2188 2187 2354
f 2515 2352 2514
f 2514 2365 2515
f 2523 2365 2514
f 2514 2681 2523
f 2514 2513 2681
f 2348 2510 2511
f 2348 2347 2510
f 2348 2181 2347
f 522 523 484
f 753 752 680
f 1323 1197 1322
f 1322 1197 1198
f 1322 1324 1462
f 1198 1324 1322
f 1086 1197 1199
f 1323 1325 1199
f 1199 1197 1323
f 965 966 865
f 865 959 965
f 965 1075 1076
f 1077 966 1076
f 1076 966 965
f 1076 1188 1077
f 1187 1188 1076
f 1076 1075 1187
f 1436 1578 1438
f 1875 1877 1876
f 1177 1176 1295
f 1063 1176 1177
f 1177 1178 1063
f 680 752 681
f 685 619 681
f 621 620 686
f 686 687 621
f 621 687 622
f 621 563 620
f 686 685 760
f 685 759 760
f 624 623 690
f 689 623 622
f 689 690 623
f 943 845 942
f 516 517 478
f 517 479 478
f 439 516 478
f 562 619 620
f 620 563 562
f 562 563 515
f 704 779 705
f 704 634 703
f 705 635 704
f 635 634 704
f 873 780 872
f 872 780 779
f 778 704 703
f 779 704 778
f 574 633 575
f 573 633 574
f 574 525 573
f 575 634 576
f 576 634 635
f 576 577 528
f 528 527 576
f 526 527 487
f 526 520 525
f 526 574 575
f 525 574 526
f 575 576 526
f 526 576 527
f 480 520 481
f 480 517 518
f 517 565 518
f 566 565 623
f 566 623 624
f 1752 1754 1753
f 1753 1608 1607
f 1753 1754 1609
f 1609 1608 1753
f 2068 1912 1911
f 1755 1906 1905
f 1905 1761 1760
f 1904 1754 1752
f 1904 1907 1754
f 1758 1907 1906
f 1754 1907 1758
f 1613 1754 1758
f 1758 1755 1613
f 1758 1906 1755
f 632 633 573
f 1456 1459 1319
f 1319 1318 1456
f 1604 1459 1456
f 1456 1318 1604
f 1317 1193 1314
f 1317 1194 1193
f 1314 1455 1317
f 1319 1194 1317
f 1317 1318 1319
f 1457 1317 1455
f 1318 1317 1457
f 1306 1445 1446
f 1447 1307 1446
f 1446 1307 1306
f 1591 1446 1445
f 1580 1587 1444
f 1444 1445 1306
f 1588 1445 1444
f 1444 1587 1588
f 1078 1189 1190
f 1190 1189 1310
f 1190 1312 1311
f 1310 1312 1190
f 2588 2590 2743
f 2593 2743 2590
f 2430 2590 2588
f 2748 2597 2868
f 2868 2597 2596
f 2596 2857 2868
f 2733 2734 2579
f 2855 2734 2733
f 2856 2734 2855
f 2855 2733 2854
f 2579 2596 2584
f 2234 2402 2403
f 2237 2083 2082
f 2082 1924 1923
f 2083 1924 2082
f 1923 1922 2082
f 1922 2081 2082
f 2252 2428 2423
f 1790 1791 1943
f 1942 1788 1789
f 1942 1943 2098
f 1942 1789 1790
f 1790 1943 1942
f 1192 1316 1195
f 1316 1320 1195
f 1195 1320 1196
f 1610 1462 1464
f 1610 1611 1462
f 1610 1464 1613
f 1613 1755 1610
f 1917 1918 1768
f 1768 1916 1917
f 1913 2072 1914
f 1912 2072 1913
f 1912 2070 2071
f 2071 2072 1912
f 2071 2223 2224
f 2071 2070 2223
f 2224 2225 2071
f 2225 2072 2071
f 1201 1089 1200
f 1086 1199 1200
f 1618 1468 1617
f 1617 1765 1618
f 1618 1765 1619
f 1617 1468 1467
f 1467 1616 1617
f 1615 1616 1467
f 1467 1614 1615
f 1467 1330 1329
f 1467 1468 1330
f 1329 1466 1467
f 1466 1614 1467
f 1331 1332 1206
f 1763 1616 1762
f 1762 1616 1761
f 580 637 639
f 580 579 637
f 532 579 580
f 584 640 582
f 584 642 640
f 640 642 710
f 381 370 380
f 490 453 489
f 489 529 490
f 454 453 490
f 490 529 531
f 377 392 378
f 389 392 377
f 530 490 531
f 705 780 781
f 783 708 781
f 973 1084 1086
f 1088 1089 978
f 784 783 875
f 783 876 875
f 578 577 636
f 636 576 635
f 577 576 636
f 782 708 784
f 1327 1202 1201
f 1325 1202 1327
f 1328 1466 1329
f 1328 1202 1325
f 882 880 789
f 712 711 789
f 1212 1213 1099
f 1212 1338 1213
f 990 989 1101
f 1343 1354 1345
f 1481 1354 1343
f 1343 1344 1481
f 1343 1217 1344
f 1208 1097 1096
f 1096 1095 1208
f 1208 1095 1207
f 1207 1095 1206
f 717 793 796
f 890 796 887
f 988 989 890
f 990 991 889
f 889 989 990
f 889 991 895
f 791 884 792
f 792 793 715
f 887 796 886
f 796 793 886
f 793 792 886
f 1205 1331 1206
f 1205 1204 1330
f 1330 1331 1205
f 1203 1328 1329
f 1202 1328 1203
f 1329 1330 1203
f 1330 1204 1203
f 786 711 709
f 641 711 642
f 639 709 641
f 641 709 711
f 883 981 791
f 880 981 883
f 791 790 883
f 790 880 883
f 987 890 887
f 988 890 987
f 887 886 987
f 987 886 986
f 1099 988 987
f 984 983 1094
f 1094 1095 984
f 888 889 895
f 801 800 722
f 801 888 895
f 1929 1777 1927
f 1629 1479 1628
f 1775 1776 1628
f 1628 1776 1629
f 1631 1482 1630
f 1633 1482 1631
f 1630 1777 1631
f 1780 1779 1633
f 1780 1932 1792
f 1792 1779 1780
f 1355 1493 1491
f 1643 1493 1492
f 1789 1788 1643
f 1643 1787 1642
f 1788 1787 1643
f 1642 1491 1643
f 1643 1491 1493
f 1790 1789 1644
f 1644 1645 1790
f 1789 1643 1644
f 1644 1643 1492
f 1632 1481 1483
f 1632 1779 1792
f 1483 1633 1632
f 1633 1779 1632
f 2379 2213 2212
f 2826 2706 2825
f 2825 2917 2826
f 2822 2917 2825
f 1903 1752 1751
f 2221 2220 2066
f 2059 2061 1901
f 2216 2061 2214
f 2215 2061 2216
f 2214 2381 2216
f 2216 2381 2384
f 2217 2383 2387
f 2387 2388 2217
f 2215 2383 2217
f 1898 1747 1746
f 1747 1602 1746
f 2223 2070 2222
f 2222 2070 2067
f 2067 2220 2222
f 2065 2220 2067
f 1906 1907 2065
f 2065 1907 2066
f 2066 2220 2065
f 2828 2707 2706
f 2920 2921 2828
f 2710 2833 2711
f 2710 2711 2557
f 2557 2709 2710
f 2556 2709 2557
f 2555 2709 2556
f 2397 2555 2556
f 2557 2399 2556
f 2554 2555 2397
f 2397 2396 2554
f 2554 2396 2395
f 2554 2395 2553
f 2554 2553 2706
f 2706 2707 2554
f 2708 2555 2554
f 2554 2707 2708
f 2714 2560 2713
f 2713 2560 2712
f 2713 2835 2714
f 2713 2712 2835
f 2404 2562 2405
f 2404 2403 2561
f 2561 2562 2404
f 2405 2564 2406
f 2237 2405 2406
f 2565 2407 2406
f 2406 2564 2565
f 2406 2238 2237
f 2407 2238 2406
f 2398 2229 2397
f 2398 2399 2229
f 2397 2556 2398
f 2398 2556 2399
f 2887 2886 2971
f 2971 2972 2887
f 2887 2972 2888
f 2888 2774 2887
f 2297 2136 2296
f 2136 2135 2296
f 2633 2465 2464
f 2464 2632 2633
f 2464 2463 2632
f 2465 2296 2464
f 2462 2461 2630
f 2630 2463 2462
f 2780 2635 2634
f 2633 2778 2634
f 2893 2780 2779
f 2779 2778 2893
f 2780 2634 2779
f 2779 2634 2778
f 2776 2890 2777
f 2777 2890 2891
f 2777 2632 2776
f 2891 2892 2777
f 2777 2892 2778
f 2633 2632 2777
f 2777 2778 2633
f 3015 3016 2980
f 10 3 3015
f 3 3016 3015
f 3015 4 10
f 3015 269 4
f 2980 2984 2983
f 2977 2978 2894
f 2894 2893 2977
f 2894 2780 2893
f 2649 2648 2794
f 2794 2650 2649
f 2903 2989 2904
f 2985 2984 3017
f 2164 2329 2166
f 2166 2168 2014
f 2166 2012 2164
f 2166 2014 2012
f 2336 2168 2331
f 2331 2329 2492
f 2331 2166 2329
f 2168 2166 2331
f 2492 2494 2331
f 2331 2494 2336
f 2015 2168 2167
f 2014 2168 2015
f 2167 2013 2015
f 2013 1854 2015
f 1854 2014 2015
f 1732 1731 1583
f 1734 1882 1732
f 2004 2003 2160
f 1879 2006 2039
f 2039 2040 1879
f 2040 1880 1879
f 1880 1730 1879
f 1844 2006 1879
f 1879 1845 1844
f 2039 2006 2162
f 2162 2192 2039
f 114 119 120
f 120 119 125
f 2656 120 2797
f 126 2905 2798
f 2798 2797 126
f 2797 120 126
f 125 2905 126
f 126 120 125
f 2655 2797 2798
f 2493 2656 2655
f 2655 2656 2797
f 2655 2497 2494
f 2657 2497 2655
f 2655 2798 2657
f 2655 2494 2492
f 2492 2491 2655
f 2491 2493 2655
f 2193 2194 2040
f 2193 2040 2039
f 2039 2192 2193
f 2193 2192 85
f 85 2357 2193
f 2357 2194 2193
f 2327 2326 2490
f 2490 2356 2327
f 2356 2192 2327
f 2192 2162 2327
f 2160 2326 2327
f 2159 2326 2160
f 2159 2158 2325
f 2325 2326 2159
f 100 2359 99
f 99 2362 100
f 2198 2359 100
f 100 2362 2198
f 105 99 104
f 105 2362 99
f 104 2363 105
f 2363 2198 105
f 2198 2362 105
f 64 2487 2486
f 2486 2487 2323
f 2486 60 64
f 2486 54 60
f 2486 2323 2485
f 2485 54 2486
f 293 298 296
f 296 291 293
f 2979 275 274
f 2978 275 2979
f 2979 2896 2978
f 3013 2896 2979
f 273 275 280
f 280 279 273
f 268 275 273
f 4 265 261
f 261 265 269
f 269 264 261
f 259 10 261
f 10 4 261
f 488 449 487
f 488 450 449
f 489 450 488
f 488 528 489
f 487 527 488
f 488 527 528
f 722 720 649
f 644 648 649
f 649 591 644
f 649 720 721
f 539 591 592
f 591 651 592
f 497 459 496
f 996 893 995
f 2294 2132 2293
f 2462 2463 2293
f 2293 2463 2294
f 1974 2132 2133
f 1974 1973 2132
f 1972 1973 1815
f 1815 1814 1972
f 2773 2774 2628
f 2628 2627 2773
f 2773 2887 2774
f 2469 2300 2299
f 2466 2298 2297
f 2297 2296 2466
f 2466 2296 2465
f 2466 2634 2635
f 2466 2465 2633
f 2633 2634 2466
f 2141 2140 2303
f 1381 1382 1251
f 1977 2135 2136
f 1521 1522 1382
f 1164 1273 1280
f 1163 1273 1164
f 1163 1060 1273
f 1157 1060 1039
f 1273 1060 1157
f 1157 1272 1273
f 1158 1272 1157
f 1286 1421 1284
f 770 694 698
f 696 694 770
f 698 773 770
f 730 658 657
f 659 658 730
f 734 661 660
f 383 401 402
f 733 660 659
f 734 660 733
f 659 730 731
f 731 733 659
f 732 733 731
f 814 733 732
f 821 820 918
f 823 822 919
f 920 823 919
f 919 918 920
f 740 822 823
f 740 667 666
f 751 750 836
f 824 669 741
f 667 740 741
f 741 669 668
f 668 667 741
f 606 667 668
f 552 551 606
f 506 551 507
f 400 401 383
f 383 382 400
f 400 399 401
f 400 382 381
f 381 399 400
f 657 656 728
f 433 434 405
f 405 432 433
f 407 434 435
f 403 432 405
f 405 404 403
f 430 431 403
f 403 431 432
f 403 404 383
f 383 402 403
f 465 504 466
f 466 433 465
f 465 433 432
f 465 431 464
f 432 431 465
f 695 629 696
f 628 629 695
f 613 678 614
f 1141 1139 1138
f 1141 1257 1142
f 1138 1256 1141
f 1141 1256 1257
f 1026 1025 1140
f 1025 1139 1140
f 1027 1141 1142
f 1139 1141 1027
f 1027 1140 1139
f 1026 1140 1027
f 611 674 675
f 675 674 748
f 743 825 826
f 826 744 743
f 827 744 826
f 749 677 748
f 836 750 749
f 678 677 749
f 749 750 678
f 829 830 747
f 1260 1259 1390
f 1145 1261 1146
f 1389 1390 1259
f 1271 1270 1407
f 1407 1408 1271
f 1271 1408 1304
f 1271 1304 1184
f 1184 1156 1271
f 1271 1156 1270
f 1267 1268 1154
f 1407 1270 1406
f 1686 1685 1830
f 1035 932 1034
f 1035 1267 1154
f 1034 1267 1035
f 863 864 773
f 963 864 863
f 1525 1679 1526
f 1679 1681 1526
f 920 918 1018
f 918 915 1018
f 1017 1020 916
f 916 1020 917
f 917 819 916
f 915 819 917
f 1137 1256 1138
f 1137 1136 1254
f 1022 921 1021
f 3032 3030 3028
f 3028 3007 3032
f 2950 3007 2951
f 2747 2867 2745
f 2745 2594 2747
f 2747 2594 2726
f 2575 2417 2574
f 2570 2722 2574
f 2570 2574 2412
f 2572 2594 2571
f 2571 2594 2433
f 2576 2729 2573
f 2573 2417 2576
f 2576 2417 2575
f 2731 2729 2576
f 2848 2945 2728
f 2728 2729 2848
f 2850 2945 2848
f 2848 2729 2850
f 2450 2614 2615
f 2450 2449 2614
f 2453 2283 2450
f 2450 2283 2282
f 2956 3008 3009
f 3009 2957 2956
f 3008 2957 3009
f 3010 2958 2875
f 2875 2957 3010
f 2875 2958 2877
f 2616 2621 2453
f 2615 2760 2616
f 2616 2450 2615
f 2453 2450 2616
f 2873 2955 2956
f 2873 2872 2955
f 2956 2957 2873
f 2957 2875 2873
f 2870 2954 2871
f 2955 2872 2871
f 2871 2954 2955
f 2451 2618 2619
f 2617 2621 2763
f 2763 2618 2617
f 2617 2618 2451
f 2453 2621 2617
f 2451 2283 2617
f 2617 2283 2453
f 2458 2459 2289
f 2289 2457 2458
f 2127 2289 2128
f 2452 2454 2285
f 2285 2284 2452
f 2452 2283 2451
f 2452 2284 2283
f 2451 2619 2452
f 2452 2619 2620
f 2452 2620 2622
f 2622 2454 2452
f 2123 2285 2124
f 2123 2284 2285
f 2124 2122 2123
f 2282 2283 2123
f 2283 2284 2123
f 1013 1014 911
f 1014 1013 1128
f 908 907 1012
f 909 907 908
f 907 1009 1010
f 1125 1124 1242
f 1125 1126 1012
f 1125 1010 1124
f 1238 1239 1122
f 1240 1372 1241
f 1241 1372 1242
f 2750 2599 2749
f 2598 2597 2748
f 2748 2749 2598
f 2598 2749 2599
f 2435 2597 2598
f 2598 2599 2435
f 2600 2750 2601
f 2600 2599 2750
f 2601 2437 2600
f 2437 2599 2600
f 2438 2437 2601
f 2601 2602 2438
f 2603 2753 2754
f 2754 2605 2603
f 2604 2753 2603
f 1008 1009 909
f 1121 1238 1122
f 1122 1010 1121
f 1121 1010 1009
f 1009 1008 1121
f 1121 1008 1120
f 1511 1372 1510
f 1372 1371 1510
f 1510 1666 1511
f 1370 1510 1371
f 1509 1510 1370
f 1370 1371 1240
f 2445 2607 2608
f 2608 2446 2445
f 2973 2890 2889
f 2889 2972 2973
f 2888 2972 2889
f 2889 2774 2888
f 2961 341 2962
f 341 2963 2962
f 2962 2879 2961
f 2962 2963 2879
f 2764 2879 2765
f 2879 2766 2765
f 2765 2618 2764
f 2765 2619 2618
f 2765 2766 2620
f 2620 2619 2765
f 2882 2767 2881
f 2882 2768 2767
f 2882 2967 2883
f 2883 2769 2882
f 2769 2768 2882
f 2881 2966 2882
f 2882 2966 2967
f 327 323 328
f 323 326 328
f 318 317 321
f 321 322 318
f 321 326 322
f 2928 2927 286
f 286 290 2928
f 290 2929 2928
f 2929 2834 2928
f 2928 2834 2833
f 2833 2927 2928
f 2843 2720 2842
f 2938 2843 2842
f 2842 2719 2841
f 2842 2720 2719
f 2842 2841 2937
f 2937 2938 2842
f 2719 2720 2567
f 2410 2409 2567
f 2567 2569 2410
f 2845 2724 2843
f 2846 2724 2845
f 2845 2940 2943
f 2845 2843 2940
f 2946 2945 3002
f 3027 3003 3002
f 3002 3003 2946
f 3036 3029 3037
f 2730 2851 2731
f 2730 2844 2851
f 2575 2574 2730
f 2731 2576 2730
f 2730 2576 2575
f 2731 2852 2853
f 2853 2849 2731
f 2853 2852 2950
f 2950 2951 2853
f 300 299 305
f 305 306 300
f 18 2991 26
f 26 2991 2915
f 26 23 18
f 24 23 26
f 26 2818 24
f 2915 2818 26
f 2829 2997 2922
f 2829 2921 2997
f 2708 2707 2829
f 2707 2828 2829
f 2829 2828 2921
f 45 2693 2692
f 45 46 40
f 45 52 46
f 45 2692 2691
f 2691 52 45
f 45 40 2694
f 2694 2693 45
f 2503 2341 2502
f 2340 2501 2502
f 2502 2341 2340
f 2666 2503 2502
f 2502 2665 2666
f 2664 2665 2502
f 2502 2663 2664
f 2502 2662 2663
f 2501 2662 2502
f 2667 2669 2668
f 2668 2504 2667
f 2669 2504 2668
f 2342 2504 2505
f 2342 2343 2175
f 2505 2343 2342
f 2503 2504 2342
f 2175 2341 2342
f 2342 2341 2503
f 2338 2337 2185
f 2498 2337 2338
f 2185 2353 2338
f 2499 2498 2338
f 2338 2353 2499
f 2020 2019 2171
f 2171 2019 2170
f 2170 2337 2171
f 2199 2200 2046
f 2528 97 93
f 93 2529 2528
f 2527 97 2528
f 2528 2366 2527
f 2528 2529 2367
f 2367 2366 2528
f 2202 2203 2049
f 2203 2050 2049
f 2049 2048 2202
f 1887 2048 2049
f 2049 2050 1887
f 78 2373 2371
f 2371 2373 2204
f 2371 2370 78
f 2204 2370 2371
f 109 2686 107
f 109 107 102
f 102 2687 109
f 2524 2686 109
f 2525 2524 109
f 109 2687 2525
f 2685 2684 112
f 112 2686 2685
f 2523 2684 2685
f 2685 2686 2523
f 2028 2181 2182
f 2029 1868 2182
f 1868 2028 2182
f 2182 2183 2029
f 2181 2183 2182
f 2670 2506 2669
f 2669 2674 2670
f 2670 2674 2506
f 2037 1877 2036
f 1728 1735 1587
f 1587 1578 1728
f 1728 1877 1878
f 1878 1735 1728
f 1891 1892 1741
f 1741 1890 1891
f 1891 2053 1892
f 1890 2053 1891
f 2052 2051 2206
f 2206 2207 2052
f 2372 2207 2206
f 2206 2205 2372
f 2051 2205 2206
f 1551 1553 1411
f 1415 1443 1554
f 1443 1555 1554
f 1554 1412 1415
f 1554 1555 1412
f 1850 1848 2009
f 1848 2008 2009
f 2009 2163 2164
f 2009 2008 2163
f 1849 1848 1703
f 1703 1731 1849
f 1586 1731 1703
f 1705 1851 1707
f 1850 1851 1705
f 1705 1704 1850
f 1559 1558 1705
f 1705 1558 1704
f 1700 1846 1701
f 1411 1553 1700
f 1553 1551 1557
f 1557 1556 1586
f 1586 1703 1557
f 1850 1704 1847
f 1847 1848 1850
f 1847 1846 1848
f 1701 1846 1847
f 1847 1704 1701
f 1418 1558 1559
f 1855 2016 1856
f 1856 2016 1871
f 2170 2019 2032
f 2032 2019 1871
f 1871 2016 2032
f 2032 2185 2170
f 2032 2184 2185
f 2169 2184 2032
f 2032 2016 2169
f 2340 2341 2174
f 2174 2173 2340
f 2174 2341 2175
f 2175 2021 2174
f 2021 2173 2174
f 2172 2173 2026
f 2172 2171 2337
f 2172 2337 2339
f 2339 2173 2172
f 2172 2026 2020
f 2020 2171 2172
f 1871 2019 1858
f 2019 2018 1858
f 1859 1863 1713
f 1713 1712 1859
f 1713 1564 1712
f 1713 1860 1861
f 1863 1860 1713
f 1864 1866 1865
f 1565 1424 1423
f 1565 1423 1284
f 1570 1573 1430
f 1430 1431 1290
f 1433 1293 1432
f 1432 1575 1433
f 1718 1567 1717
f 1568 1567 1718
f 1717 1865 1718
f 1718 1865 1866
f 2027 1864 2179
f 2027 1866 1864
f 2179 2180 2027
f 2180 2028 2027
f 2027 2028 1868
f 1720 1569 1568
f 1568 1718 1720
f 1720 1718 1719
f 1172 1173 1056
f 1171 1290 1291
f 1291 1432 1293
f 1290 1431 1291
f 1431 1432 1291
f 1294 1175 1174
f 1174 1173 1294
f 1056 1173 1174
f 1174 1057 1056
f 1175 1057 1174
f 2025 1864 1861
f 1861 2024 2025
f 2179 1864 2025
f 2178 2179 2025
f 2025 2024 2178
f 2022 1860 2021
f 2022 2021 2177
f 2177 2024 2022
f 1861 1860 2022
f 2022 2024 1861
f 2191 2035 2190
f 1874 2035 1875
f 1873 2035 1874
f 1723 1873 1874
f 2033 2187 2034
f 2187 2188 2034
f 2034 2188 2189
f 2189 2190 2034
f 2034 2190 2035
f 1872 2033 2034
f 2034 1873 1872
f 2034 2035 1873
f 2513 2514 2350
f 2512 2348 2511
f 2680 2513 2512
f 2511 2679 2512
f 2679 2680 2512
f 484 483 446
f 484 523 514
f 514 483 484
f 523 561 514
f 472 507 552
f 627 629 628
f 628 571 627
f 694 629 627
f 627 630 694
f 521 522 484
f 569 521 524
f 522 521 569
f 570 571 628
f 570 569 571
f 522 569 570
f 523 522 570
f 570 561 523
f 845 846 758
f 758 759 685
f 940 851 951
f 682 753 680
f 683 753 682
f 684 683 628
f 684 755 683
f 628 695 684
f 757 755 684
f 684 695 757
f 756 755 840
f 683 755 756
f 840 753 756
f 756 753 683
f 1462 1611 1463
f 1463 1322 1462
f 1463 1611 1612
f 1463 1325 1323
f 1323 1322 1463
f 1067 959 957
f 959 958 957
f 866 865 966
f 866 968 867
f 774 865 866
f 1875 1876 1725
f 1727 1728 1578
f 1877 1728 1727
f 1727 1876 1877
f 1580 1438 1579
f 1579 1438 1578
f 1579 1587 1580
f 1579 1578 1587
f 1063 1178 1179
f 1179 1065 1063
f 1178 1300 1179
f 1179 1300 1065
f 1066 1065 1181
f 1298 1296 1437
f 1437 1438 1298
f 1436 1438 1437
f 1298 1178 1297
f 1297 1296 1298
f 1295 1296 1297
f 1297 1177 1295
f 1178 1177 1297
f 1436 1437 1435
f 1435 1437 1296
f 1435 1434 1433
f 1433 1575 1435
f 1295 1434 1435
f 1435 1296 1295
f 616 681 619
f 619 562 616
f 564 565 517
f 563 621 564
f 622 565 564
f 564 621 622
f 564 517 516
f 516 563 564
f 855 852 953
f 849 852 764
f 764 852 855
f 689 764 765
f 692 625 691
f 691 625 624
f 624 690 691
f 1175 1176 1061
f 1056 1057 947
f 1048 943 1045
f 1048 1166 1165
f 943 1048 1049
f 1049 1165 1053
f 1049 1048 1165
f 1171 1172 1054
f 389 388 411
f 974 1085 1084
f 974 973 873
f 1084 973 974
f 777 778 703
f 777 776 868
f 486 526 487
f 520 526 486
f 486 481 520
f 487 449 486
f 449 481 486
f 519 518 565
f 565 566 519
f 519 520 480
f 480 518 519
f 567 566 624
f 1454 1453 1602
f 1454 1455 1314
f 1452 1453 1312
f 1452 1310 1451
f 1452 1312 1310
f 1312 1453 1313
f 1314 1191 1313
f 1191 1312 1313
f 1313 1454 1314
f 1453 1454 1313
f 1455 1454 1603
f 1603 1454 1602
f 1603 1457 1455
f 1605 1457 1603
f 1603 1602 1747
f 1607 1604 1606
f 1606 1457 1605
f 1606 1753 1607
f 1752 1753 1606
f 1751 1752 1606
f 1909 2068 1911
f 2069 2070 1912
f 1912 2068 2069
f 2067 2070 2069
f 2069 2068 2067
f 775 776 700
f 774 866 775
f 867 776 775
f 775 866 867
f 1079 968 1078
f 1193 1081 1079
f 1079 1191 1193
f 1311 1191 1079
f 1079 1190 1311
f 1078 1190 1079
f 1078 968 967
f 967 966 1077
f 1077 1078 967
f 967 866 966
f 968 866 967
f 692 769 693
f 693 625 692
f 858 958 859
f 859 769 858
f 774 769 859
f 859 865 774
f 859 958 959
f 959 865 859
f 1604 1318 1458
f 1318 1457 1458
f 1458 1606 1604
f 1457 1606 1458
f 1447 1448 1308
f 1308 1307 1447
f 1448 1309 1308
f 1187 1307 1308
f 1308 1188 1187
f 1308 1309 1188
f 1186 1302 1306
f 1306 1307 1186
f 1186 1307 1187
f 1187 1075 1186
f 1589 1445 1588
f 1589 1738 1739
f 2863 2743 2864
f 2742 2862 2741
f 2742 2741 2588
f 2588 2743 2742
f 2742 2863 2862
f 2743 2863 2742
f 2433 2594 2591
f 2746 2593 2744
f 2743 2593 2746
f 2746 2744 2864
f 2864 2743 2746
f 2578 2733 2579
f 2581 2737 2732
f 2737 2854 2732
f 2732 2854 2733
f 2735 2856 2857
f 2735 2857 2596
f 2596 2734 2735
f 2734 2856 2735
f 2859 2854 2737
f 2434 2597 2435
f 2585 2584 2596
f 2268 2437 2269
f 2268 2436 2437
f 2435 2436 2268
f 2268 2267 2435
f 2107 2268 2108
f 2267 2268 2107
f 2231 2078 2077
f 2077 1919 1918
f 2078 1919 2077
f 2080 1922 1921
f 2080 2081 1922
f 1921 1920 2080
f 2402 2234 2233
f 2234 2080 2233
f 2235 2082 2081
f 2081 2080 2235
f 2235 2080 2234
f 2235 2404 2405
f 2235 2234 2403
f 2403 2404 2235
f 2582 2423 2583
f 2583 2423 2428
f 2583 2740 2738
f 2583 2739 2582
f 2738 2739 2583
f 2252 2423 2249
f 2249 2422 2250
f 2249 2091 2093
f 2250 2091 2249
f 2429 2430 2588
f 2256 2098 2258
f 2258 2429 2256
f 2256 2429 2427
f 2256 2427 2428
f 2580 2422 2582
f 2581 2422 2580
f 1638 1487 1637
f 1637 1487 1486
f 1642 1787 1783
f 2093 2091 1935
f 1935 2091 1936
f 1935 1787 1788
f 1936 1783 1935
f 1935 1783 1787
f 2099 1942 2098
f 1755 1905 1756
f 1756 1610 1755
f 1760 1759 1756
f 1756 1905 1760
f 1756 1759 1757
f 1757 1611 1756
f 1611 1610 1756
f 1916 1915 2074
f 2073 2228 2074
f 2228 2229 2074
f 978 979 879
f 978 1089 1090
f 1090 979 978
f 1090 1089 1201
f 1201 979 1090
f 1204 1205 1092
f 1092 1203 1204
f 1619 1620 1469
f 1330 1468 1469
f 1469 1331 1330
f 1764 1765 1617
f 1617 1616 1764
f 1764 1616 1763
f 1764 1763 1911
f 1911 1912 1764
f 1912 1913 1764
f 1619 1765 1766
f 1916 1767 1766
f 1766 1915 1916
f 533 584 582
f 713 710 790
f 790 714 713
f 790 710 788
f 788 880 790
f 788 642 712
f 788 710 642
f 379 370 378
f 378 380 379
f 379 380 370
f 378 392 393
f 401 399 426
f 586 640 643
f 643 585 586
f 582 640 586
f 532 533 491
f 491 533 494
f 531 532 491
f 491 530 531
f 454 490 491
f 490 530 491
f 874 973 876
f 874 781 780
f 874 780 873
f 873 973 874
f 874 876 783
f 783 781 874
f 975 875 876
f 978 877 975
f 877 875 975
f 1087 1200 1089
f 1089 1088 1087
f 1086 1200 1087
f 876 973 976
f 976 1088 876
f 976 1087 1088
f 976 973 1086
f 1086 1087 976
f 638 637 578
f 578 636 638
f 638 636 708
f 706 636 635
f 708 636 706
f 706 781 708
f 706 635 705
f 705 781 706
f 1326 1200 1199
f 1326 1199 1325
f 1325 1327 1326
f 1201 1200 1326
f 1326 1327 1201
f 1477 1479 1480
f 1480 1341 1477
f 1341 1338 1477
f 1338 1212 1340
f 1212 1339 1340
f 1340 1477 1338
f 1479 1477 1340
f 1476 1340 1339
f 1214 1101 1213
f 1213 1338 1214
f 1099 1213 1100
f 1213 1101 1100
f 1100 988 1099
f 1100 989 988
f 1100 1101 989
f 1345 1354 1226
f 1226 1354 1355
f 1227 1111 1226
f 1226 1111 1216
f 1102 999 990
f 1102 1111 999
f 1216 1111 1102
f 718 648 647
f 719 718 722
f 719 648 718
f 722 649 719
f 719 649 648
f 797 890 989
f 989 889 797
f 796 890 797
f 885 792 884
f 885 886 792
f 786 709 878
f 877 786 878
f 878 782 784
f 784 875 878
f 878 875 877
f 1099 987 1098
f 1225 1111 1227
f 1110 1111 1225
f 895 999 998
f 999 1111 998
f 998 1111 1110
f 722 718 795
f 795 801 722
f 896 801 895
f 895 998 896
f 896 998 997
f 1633 1631 1778
f 1778 1780 1633
f 1778 1631 1777
f 1777 1929 1928
f 1928 1778 1777
f 1355 1491 1356
f 1227 1226 1356
f 1356 1226 1355
f 1356 1491 1352
f 1356 1225 1227
f 1352 1225 1356
f 1352 1491 1489
f 1481 1632 1494
f 1492 1354 1494
f 1494 1354 1481
f 1494 1644 1492
f 1645 1644 1494
f 1792 1791 1646
f 1646 1632 1792
f 1791 1645 1646
f 1645 1494 1646
f 1646 1494 1632
f 2210 2055 2209
f 2210 2208 2376
f 2209 2208 2210
f 2379 2212 2378
f 2378 2537 2379
f 2378 2376 2534
f 2534 2537 2378
f 2704 2706 2705
f 2704 2825 2706
f 2705 2552 2704
f 2064 1903 2063
f 2066 1907 2064
f 1907 1904 2064
f 2064 1904 1752
f 1752 1903 2064
f 2386 2221 2219
f 2219 2064 2063
f 2219 2221 2066
f 2066 2064 2219
f 1898 2057 1899
f 1899 1747 1898
f 2386 2219 2218
f 2218 2219 2063
f 2218 2217 2386
f 2215 2217 2218
f 2548 2549 2393
f 2548 2703 2549
f 2548 2544 2547
f 2393 2392 2391
f 2391 2548 2393
f 2544 2548 2391
f 2391 2392 2223
f 2223 2222 2391
f 2387 2383 2541
f 2541 2542 2697
f 2547 2544 2389
f 2546 2547 2389
f 1601 1746 1602
f 1602 1453 1601
f 1453 1452 1601
f 1599 1745 1600
f 1745 1746 1600
f 1746 1601 1600
f 1600 1601 1452
f 1600 1451 1599
f 1600 1452 1451
f 1898 1746 1897
f 1897 1746 1745
f 2054 2055 1894
f 1596 1449 1448
f 1448 1595 1596
f 1598 1745 1599
f 1598 1744 1745
f 1599 1451 1598
f 1451 1450 1598
f 1598 1450 1449
f 2827 2706 2826
f 2827 2828 2706
f 2826 2920 2827
f 2920 2828 2827
f 2833 2710 2832
f 2831 2926 2832
f 2926 2833 2832
f 2134 2135 1975
f 2295 2464 2296
f 2294 2463 2295
f 2463 2464 2295
f 2295 2134 2133
f 2133 2294 2295
f 2776 2632 2631
f 2631 2630 2776
f 2632 2463 2631
f 2463 2630 2631
f 2628 2774 2629
f 2774 2630 2629
f 2629 2461 2628
f 2629 2630 2461
f 2896 2782 2781
f 2780 2894 2781
f 2980 3013 3014
f 3014 3015 2980
f 3014 3013 269
f 269 3015 3014
f 2899 2896 2980
f 2980 2983 2899
f 2899 2782 2896
f 2978 2896 2895
f 2895 2894 2978
f 2896 2781 2895
f 2895 2781 2894
f 2793 2648 2647
f 2792 2903 2904
f 2793 2647 2792
f 2792 2647 2791
f 2902 2903 2792
f 2792 2791 2902
f 2792 2795 2793
f 2904 2795 2792
f 2986 2903 2902
f 2984 2985 2900
f 2900 2983 2984
f 2900 2899 2983
f 1695 1696 1544
f 1695 1840 1696
f 1839 1695 1694
f 1840 1695 1839
f 1730 1582 1729
f 1582 1845 1729
f 1729 1879 1730
f 1845 1879 1729
f 2003 2004 1842
f 1699 1845 1582
f 1844 1845 1699
f 1698 1842 1699
f 1698 1699 1547
f 1407 1406 1547
f 1441 1582 1442
f 1442 1305 1441
f 1305 1304 1441
f 1304 1408 1441
f 1585 1583 1442
f 1585 1732 1583
f 1585 1733 1734
f 1734 1732 1585
f 1881 2011 1849
f 1849 1731 1881
f 1731 1732 1881
f 1881 2042 2011
f 1881 1882 2042
f 1881 1732 1882
f 2481 2651 2482
f 2161 2004 2160
f 2160 2327 2161
f 2161 2327 2162
f 2522 114 2683
f 114 120 2683
f 120 2656 2683
f 2521 2361 2522
f 2522 2683 2521
f 2521 2683 2656
f 2521 2656 2493
f 2521 2493 2360
f 2360 2361 2521
f 301 298 297
f 301 296 298
f 418 392 414
f 418 419 392
f 450 419 418
f 449 450 418
f 418 444 449
f 421 419 451
f 451 419 450
f 451 453 421
f 489 453 451
f 451 450 489
f 644 591 588
f 492 585 534
f 585 538 534
f 589 538 585
f 650 649 721
f 591 649 650
f 650 651 591
f 721 723 650
f 650 723 651
f 798 720 800
f 539 592 540
f 540 496 539
f 540 497 496
f 593 540 592
f 802 893 803
f 803 723 802
f 653 593 652
f 652 592 651
f 652 593 592
f 898 899 805
f 727 726 805
f 727 728 655
f 655 728 656
f 655 726 727
f 655 656 597
f 597 596 655
f 459 497 460
f 803 893 897
f 893 996 897
f 1518 1379 1517
f 1374 1513 1514
f 1814 1815 1669
f 1514 1513 1669
f 2772 2627 2771
f 2772 2773 2627
f 2771 2886 2772
f 1675 1820 1821
f 1820 1977 1821
f 1824 1980 1981
f 1823 1980 1824
f 2469 2299 2468
f 2468 2299 2298
f 2139 2299 2300
f 1984 2143 2144
f 1984 2144 2145
f 2145 1985 1984
f 1984 1985 1982
f 1982 1825 1984
f 2302 2472 2303
f 2303 2140 2302
f 2302 2471 2472
f 1979 1821 1978
f 1978 1821 1977
f 1518 1517 1673
f 1975 2135 1976
f 2135 1977 1976
f 1973 1974 1817
f 1817 1974 1975
f 1975 1818 1817
f 1520 1382 1381
f 1520 1521 1382
f 1409 1280 1273
f 1419 1280 1409
f 1273 1272 1409
f 1411 1419 1409
f 1409 1272 1411
f 1552 1419 1411
f 1411 1700 1552
f 1552 1700 1701
f 1701 1704 1552
f 1704 1558 1552
f 1047 1163 1164
f 1043 1161 1044
f 1158 1160 1274
f 1274 1272 1158
f 1276 1160 1275
f 1276 1412 1277
f 1276 1275 1412
f 1277 1274 1276
f 1276 1274 1160
f 1039 951 1037
f 1281 1420 1289
f 1289 1286 1281
f 1165 1166 1281
f 696 770 771
f 771 770 860
f 771 843 757
f 771 695 696
f 757 695 771
f 1040 1157 1039
f 603 665 604
f 739 740 666
f 822 740 739
f 739 665 738
f 739 821 822
f 738 821 739
f 598 597 657
f 598 545 597
f 603 548 602
f 602 548 547
f 664 665 603
f 603 602 664
f 664 602 663
f 738 665 664
f 664 663 738
f 599 660 661
f 599 658 659
f 659 660 599
f 545 598 599
f 657 658 599
f 599 598 657
f 905 906 811
f 1016 1017 913
f 913 1017 916
f 916 819 913
f 911 1014 1015
f 1015 912 911
f 1014 1128 1015
f 1016 913 1015
f 1015 913 912
f 911 912 816
f 912 913 816
f 608 609 554
f 670 609 608
f 668 669 608
f 608 669 670
f 613 557 612
f 611 675 612
f 554 609 610
f 772 773 698
f 772 863 773
f 678 750 679
f 750 751 679
f 679 614 678
f 630 614 679
f 607 553 552
f 552 606 607
f 607 606 668
f 607 608 553
f 668 608 607
f 551 506 505
f 807 728 727
f 727 805 807
f 807 805 899
f 507 472 469
f 503 502 547
f 547 548 503
f 464 502 503
f 503 465 464
f 504 465 503
f 558 557 613
f 1143 1027 1142
f 745 744 827
f 827 826 923
f 923 1025 1026
f 836 749 835
f 835 749 834
f 834 929 835
f 748 747 831
f 747 830 831
f 830 829 926
f 926 927 830
f 924 923 1026
f 827 923 924
f 1527 1524 1680
f 1524 1526 1680
f 1683 1828 1529
f 1144 1145 1029
f 1029 1143 1144
f 1144 1143 1259
f 1144 1259 1260
f 1260 1261 1144
f 1261 1145 1144
f 1388 1524 1527
f 1527 1389 1388
f 1142 1257 1258
f 1258 1389 1259
f 1257 1388 1258
f 1258 1388 1389
f 1258 1143 1142
f 1259 1143 1258
f 1829 1828 1986
f 1986 1987 1829
f 1829 1987 1830
f 1830 1685 1829
f 1827 1985 1986
f 1986 1828 1827
f 1982 1985 1827
f 1827 1826 1982
f 1681 1826 1827
f 1827 1828 1681
f 1270 1156 1155
f 1155 1156 1036
f 1155 1035 1154
f 1036 1035 1155
f 1161 1074 1183
f 1073 1156 1184
f 1184 1074 1073
f 1036 1156 1073
f 1161 960 1072
f 1072 1074 1161
f 1270 1155 1269
f 1154 1268 1269
f 1269 1155 1154
f 1394 1263 1262
f 1395 1263 1394
f 1830 1988 1831
f 1831 1686 1830
f 1693 1694 1540
f 1264 1263 1397
f 836 932 837
f 932 863 837
f 837 751 836
f 837 772 751
f 863 772 837
f 963 863 933
f 933 863 932
f 932 1035 933
f 933 1036 963
f 933 1035 1036
f 1148 1149 1032
f 1263 1149 1148
f 1262 1263 1148
f 1032 929 1031
f 1031 1148 1032
f 1031 1145 1146
f 1034 932 931
f 931 932 836
f 1386 1526 1524
f 1525 1526 1386
f 1382 1522 1383
f 1523 1679 1525
f 1525 1386 1523
f 1523 1386 1384
f 1523 1383 1522
f 1384 1383 1523
f 817 819 915
f 1019 1021 920
f 920 1018 1019
f 1019 917 1020
f 1019 1018 915
f 915 917 1019
f 1252 1135 1250
f 1252 1251 1382
f 1021 1019 1134
f 3007 3028 3005
f 3005 2951 3007
f 3030 3006 3005
f 3005 3028 3030
f 2947 2867 2847
f 2867 2747 2847
f 2946 2947 2847
f 2847 2945 2946
f 2728 2945 2847
f 2847 2726 2728
f 2847 2747 2726
f 2242 2411 2570
f 2570 2412 2242
f 2240 2411 2242
f 2416 2574 2417
f 2416 2412 2574
f 2281 2450 2282
f 2449 2450 2281
f 2282 2123 2281
f 2281 2123 2122
f 2280 2449 2281
f 2281 2121 2280
f 2764 2763 2876
f 2763 2875 2876
f 2876 2877 2764
f 2876 2875 2877
f 2874 2875 2763
f 2874 2873 2875
f 2761 2760 2870
f 2870 2871 2761
f 2761 2616 2760
f 1665 1510 1509
f 1666 1510 1665
f 2291 2461 2292
f 2460 2461 2291
f 2292 2293 2131
f 2131 2293 2132
f 2131 2291 2292
f 2130 2291 2131
f 2131 2132 1972
f 1972 2130 2131
f 2128 2289 2129
f 2130 1970 2129
f 2126 2125 2287
f 2287 2127 2126
f 2288 2127 2287
f 2289 2127 2288
f 2457 2289 2288
f 2456 2457 2288
f 2288 2287 2456
f 1812 1665 1811
f 1666 1665 1812
f 1969 2127 2128
f 2128 2129 1969
f 1969 2129 1970
f 1970 1812 1969
f 1972 1814 1971
f 1814 1970 1971
f 1971 2130 1972
f 1971 1970 2130
f 1012 1013 910
f 910 908 1012
f 910 1013 911
f 911 814 910
f 814 908 910
f 909 908 813
f 813 908 814
f 813 814 732
f 1012 907 1011
f 907 1010 1011
f 1011 1125 1012
f 1010 1125 1011
f 1122 1239 1123
f 1242 1124 1123
f 1123 1241 1242
f 1123 1239 1240
f 1240 1241 1123
f 1123 1010 1122
f 1124 1010 1123
f 1237 1121 1120
f 1366 1238 1237
f 1238 1121 1237
f 2447 2448 2279
f 2279 2446 2447
f 2279 2278 2446
f 2279 2448 2280
f 2774 2889 2775
f 2776 2630 2775
f 2775 2630 2774
f 2775 2890 2776
f 2775 2889 2890
f 333 327 332
f 327 328 332
f 2568 2720 2723
f 2568 2567 2720
f 2568 2724 2721
f 2723 2724 2568
f 2569 2567 2568
f 2721 2722 2568
f 2568 2722 2569
f 2719 2567 2566
f 2565 2718 2566
f 2718 2719 2566
f 2566 2409 2565
f 2566 2567 2409
f 2943 2998 2942
f 2942 2845 2943
f 2998 2944 2942
f 2944 2846 2942
f 2846 2845 2942
f 2948 2945 2850
f 2948 3002 2945
f 2850 3004 2948
f 3004 3002 2948
f 3029 3036 3026
f 3026 3004 3006
f 3006 3029 3026
f 3026 3002 3004
f 3026 3036 3027
f 3027 3002 3026
f 2725 2722 2844
f 2844 2730 2725
f 2725 2574 2722
f 2725 2730 2574
f 2949 3004 2850
f 2850 2849 2949
f 2849 2853 2949
f 3006 3004 2949
f 2949 3005 3006
f 2949 2853 2951
f 2951 3005 2949
f 2922 2923 2830
f 2830 2829 2922
f 2830 2923 2924
f 2830 2925 2831
f 2830 2924 2925
f 2708 2829 2830
f 2831 2709 2830
f 2830 2709 2708
f 2355 2199 2191
f 2191 2190 2355
f 2355 2189 2354
f 2355 2190 2189
f 2354 2520 2355
f 2520 2364 2355
f 2364 2200 2355
f 2200 2199 2355
f 1878 1877 2038
f 1877 2037 2038
f 1739 1888 1740
f 1740 1888 1889
f 1277 1412 1413
f 1413 1557 1551
f 1556 1557 1413
f 1413 1555 1556
f 1412 1555 1413
f 1849 2011 2007
f 2007 1848 1849
f 2007 2008 1848
f 2011 2163 2007
f 2163 2008 2007
f 2164 2012 2010
f 2010 2009 2164
f 2012 1850 2010
f 1850 2009 2010
f 1553 1557 1702
f 1702 1700 1553
f 1846 1700 1702
f 1848 1846 1702
f 1702 1703 1848
f 1702 1557 1703
f 1282 1281 1166
f 1416 1280 1419
f 1419 1552 1416
f 1416 1552 1558
f 1560 1418 1559
f 1572 1429 1571
f 1855 1856 1708
f 1857 1858 2018
f 1857 1710 1709
f 1857 2018 1712
f 1712 1710 1857
f 1722 1856 1871
f 1871 1858 1722
f 1571 1708 1722
f 1722 1708 1856
f 1709 1572 1722
f 1722 1572 1571
f 1722 1857 1709
f 1858 1857 1722
f 1861 1864 1862
f 1862 1713 1861
f 1424 1565 1566
f 1717 1567 1566
f 1426 1424 1566
f 1566 1567 1426
f 1422 1565 1284
f 1564 1565 1422
f 1284 1563 1422
f 1422 1563 1564
f 1431 1430 1574
f 1574 1432 1431
f 1575 1432 1574
f 1574 1430 1573
f 1574 1725 1575
f 1428 1430 1290
f 1290 1288 1428
f 1288 1427 1428
f 1428 1427 1570
f 1570 1430 1428
f 1869 1719 1868
f 1868 2031 1869
f 1869 2031 1870
f 1870 1720 1869
f 1869 1720 1719
f 1868 1719 1867
f 1867 2027 1868
f 1866 2027 1867
f 1867 1718 1866
f 1719 1718 1867
f 1569 1720 1721
f 1721 1573 1570
f 1570 1569 1721
f 1723 1573 1721
f 1721 1870 1723
f 1721 1720 1870
f 1171 1291 1292
f 1292 1172 1171
f 1173 1172 1292
f 1293 1173 1292
f 1292 1291 1293
f 2513 2350 2349
f 2349 2512 2513
f 2348 2512 2349
f 2349 2350 2183
f 2349 2183 2181
f 2181 2348 2349
f 2352 2183 2351
f 2183 2350 2351
f 2351 2514 2352
f 2351 2350 2514
f 439 441 476
f 476 477 439
f 513 477 476
f 476 514 513
f 483 514 476
f 412 390 416
f 416 441 412
f 412 388 390
f 447 446 483
f 483 476 447
f 447 476 441
f 447 441 416
f 416 446 447
f 389 377 375
f 375 388 389
f 390 388 375
f 552 553 508
f 508 472 552
f 376 391 390
f 390 375 376
f 572 614 630
f 630 627 572
f 613 614 572
f 572 558 613
f 572 627 571
f 571 569 572
f 572 569 524
f 524 558 572
f 561 570 617
f 628 683 617
f 617 570 628
f 942 845 844
f 845 758 844
f 851 940 844
f 759 758 847
f 847 758 846
f 754 681 752
f 752 838 754
f 754 838 761
f 685 681 754
f 754 761 685
f 762 758 685
f 685 761 762
f 762 844 758
f 851 844 762
f 941 943 942
f 1045 943 941
f 942 844 941
f 941 844 940
f 941 1047 1045
f 615 682 680
f 680 681 615
f 681 616 615
f 1465 1463 1612
f 1612 1466 1465
f 1466 1328 1465
f 1465 1328 1325
f 1325 1463 1465
f 1068 1069 959
f 1068 959 1067
f 1075 1069 1068
f 1067 1066 1068
f 1068 1066 1181
f 1070 1075 965
f 1070 1069 1075
f 965 959 1070
f 959 1069 1070
f 1301 1300 1439
f 1298 1438 1439
f 1299 1178 1298
f 1299 1300 1178
f 1298 1439 1299
f 1299 1439 1300
f 1180 1301 1181
f 1180 1300 1301
f 1181 1065 1180
f 1065 1300 1180
f 1576 1435 1575
f 1876 1727 1576
f 1875 1725 1724
f 1723 1874 1724
f 1724 1874 1875
f 1724 1573 1723
f 1724 1574 1573
f 1725 1574 1724
f 849 764 763
f 763 764 687
f 763 759 849
f 763 760 759
f 763 687 686
f 686 760 763
f 622 687 688
f 687 764 688
f 688 689 622
f 688 764 689
f 853 764 855
f 853 765 764
f 690 689 766
f 689 765 766
f 765 853 766
f 855 854 766
f 766 853 855
f 857 958 858
f 857 957 958
f 854 856 767
f 767 766 854
f 767 691 690
f 690 766 767
f 1059 1061 1062
f 949 847 846
f 946 846 845
f 946 947 846
f 1167 1050 1053
f 1167 1286 1284
f 1284 1285 1167
f 1285 1168 1167
f 1053 1050 944
f 944 1049 1053
f 845 943 944
f 943 1049 944
f 1171 1054 1169
f 1169 1288 1171
f 1168 1288 1169
f 1169 1054 1052
f 1056 947 1055
f 1055 1172 1056
f 1055 1054 1172
f 410 411 388
f 410 441 439
f 410 412 441
f 388 412 410
f 413 418 414
f 444 418 413
f 414 389 413
f 389 411 413
f 702 777 703
f 703 633 702
f 633 632 702
f 700 776 701
f 776 777 701
f 777 702 701
f 701 702 632
f 525 520 568
f 520 519 568
f 573 525 568
f 568 519 566
f 566 567 568
f 1751 1606 1749
f 1749 1606 1605
f 1749 1750 1751
f 1605 1750 1749
f 1902 1750 1901
f 1751 1750 1902
f 1902 1903 1751
f 2063 1903 1902
f 1911 1763 1910
f 1910 1909 1911
f 1763 1762 1910
f 1910 1762 1761
f 1761 1909 1910
f 2068 1909 1908
f 2067 2068 1908
f 1908 1905 1906
f 1906 2065 1908
f 1908 2065 2067
f 1761 1905 1908
f 1908 1909 1761
f 699 775 700
f 700 693 699
f 699 693 769
f 699 769 774
f 774 775 699
f 867 968 869
f 869 969 868
f 868 776 869
f 869 776 867
f 871 872 779
f 779 778 871
f 873 872 972
f 972 974 873
f 1081 1192 1080
f 631 693 700
f 700 701 631
f 631 701 632
f 631 632 573
f 1182 1301 1302
f 1302 1186 1182
f 1182 1186 1075
f 1181 1301 1182
f 1075 1068 1182
f 1182 1068 1181
f 1741 1593 1592
f 1592 1890 1741
f 1446 1591 1592
f 1592 1740 1890
f 1591 1740 1592
f 1447 1446 1592
f 1592 1593 1447
f 1447 1593 1594
f 1594 1448 1447
f 1594 1595 1448
f 1741 1595 1594
f 1594 1593 1741
f 1590 1591 1445
f 1445 1589 1590
f 1590 1589 1739
f 1739 1740 1590
f 1590 1740 1591
f 1588 1735 1736
f 1736 1735 1878
f 1885 1886 1736
f 1886 1738 1736
f 1738 1589 1736
f 2741 2862 2861
f 2861 2740 2741
f 2592 2594 2745
f 2592 2591 2594
f 2593 2591 2592
f 2745 2744 2592
f 2744 2593 2592
f 2433 2591 2432
f 2432 2591 2593
f 2432 2593 2590
f 2590 2430 2432
f 2581 2732 2577
f 2733 2578 2577
f 2577 2732 2733
f 2595 2585 2596
f 2596 2597 2595
f 2597 2434 2595
f 2265 2585 2595
f 2419 2578 2579
f 2419 2577 2578
f 2425 2585 2586
f 2584 2585 2425
f 2106 2107 1949
f 1949 2107 1950
f 1950 1794 1949
f 1653 1502 1501
f 1653 1501 1500
f 2230 2399 2231
f 2229 2399 2230
f 2231 2401 2232
f 2232 2078 2231
f 2401 2402 2232
f 2402 2233 2232
f 2079 2233 2080
f 2079 2080 1920
f 2078 2232 2079
f 2079 2232 2233
f 1920 1919 2079
f 2079 1919 2078
f 2237 2082 2236
f 2082 2235 2236
f 2236 2405 2237
f 2236 2235 2405
f 2428 2427 2587
f 2587 2429 2588
f 2427 2429 2587
f 2588 2741 2587
f 2741 2740 2587
f 2421 2249 2423
f 2422 2249 2421
f 2421 2423 2582
f 2582 2422 2421
f 2257 2428 2252
f 2257 2256 2428
f 2252 2099 2257
f 2098 2256 2257
f 2257 2099 2098
f 2736 2739 2858
f 2736 2737 2581
f 2581 2580 2736
f 2582 2739 2736
f 2736 2580 2582
f 2858 2859 2736
f 2736 2859 2737
f 1784 1637 1636
f 1781 1937 1784
f 1784 1636 1781
f 2095 2253 2096
f 2096 1937 2095
f 1638 1637 1786
f 2102 2261 2259
f 2259 2101 2102
f 1945 1791 1792
f 1945 2101 1791
f 2102 2101 1945
f 1788 1942 1941
f 1941 1935 1788
f 1916 2074 2075
f 2075 2074 2229
f 881 879 979
f 882 789 881
f 789 879 881
f 787 879 789
f 787 711 786
f 787 789 711
f 1091 979 1201
f 1091 1092 979
f 1203 1092 1091
f 1201 1202 1091
f 1202 1203 1091
f 1094 983 1093
f 1093 1092 1205
f 1093 1206 1094
f 1093 1205 1206
f 1208 1207 1333
f 1333 1334 1208
f 1206 1332 1333
f 1333 1207 1206
f 1470 1469 1620
f 1470 1333 1332
f 584 533 583
f 639 641 583
f 583 533 532
f 423 453 454
f 422 453 423
f 423 397 422
f 423 424 398
f 398 397 423
f 456 455 424
f 535 585 492
f 582 586 535
f 535 586 585
f 645 713 714
f 645 714 715
f 715 646 645
f 643 713 645
f 645 585 643
f 645 589 585
f 395 380 378
f 378 393 395
f 459 426 452
f 452 426 399
f 876 1088 977
f 977 975 876
f 977 1088 978
f 978 975 977
f 708 782 707
f 707 638 708
f 782 709 707
f 637 638 707
f 639 637 707
f 707 709 639
f 1211 1339 1212
f 1211 1337 1339
f 1211 1212 1099
f 1479 1340 1478
f 1340 1476 1478
f 1339 1337 1475
f 1475 1476 1339
f 1627 1774 1775
f 1775 1628 1627
f 1627 1628 1479
f 1479 1478 1627
f 1341 1342 1215
f 1215 1342 1217
f 1215 1338 1341
f 1215 1214 1338
f 1216 1102 1103
f 990 1101 1103
f 1103 1102 990
f 1103 1215 1217
f 1101 1214 1103
f 1214 1215 1103
f 715 793 716
f 793 717 716
f 716 646 715
f 716 647 646
f 794 717 796
f 796 797 794
f 889 888 794
f 794 797 889
f 718 717 794
f 794 795 718
f 888 801 794
f 801 795 794
f 884 984 985
f 985 885 884
f 986 886 985
f 886 885 985
f 1097 986 985
f 985 1096 1097
f 1095 1096 985
f 985 984 1095
f 785 709 782
f 782 878 785
f 785 878 709
f 1351 1350 1487
f 1359 1353 1351
f 1222 1350 1351
f 2058 2212 2213
f 2058 2057 2212
f 2058 2213 2059
f 2058 1899 2057
f 2212 2057 2056
f 2055 2210 2056
f 2056 1897 2055
f 2056 2057 1898
f 1898 1897 2056
f 2703 2548 2702
f 2702 2548 2547
f 2702 2552 2703
f 2702 2704 2552
f 2059 1901 1900
f 1900 2058 2059
f 1899 2058 1900
f 1901 1750 1900
f 2544 2391 2390
f 2220 2221 2390
f 2390 2222 2220
f 2390 2391 2222
f 2545 2388 2387
f 2387 2541 2545
f 2546 2388 2545
f 2545 2699 2546
f 2545 2700 2699
f 2697 2700 2545
f 2545 2541 2697
f 2542 2541 2382
f 2384 2542 2382
f 2382 2216 2384
f 2215 2216 2382
f 2382 2383 2215
f 2382 2541 2383
f 2385 2389 2544
f 2385 2221 2386
f 2217 2389 2385
f 2386 2217 2385
f 2385 2390 2221
f 2544 2390 2385
f 1745 1744 1896
f 1896 1897 1745
f 1744 1743 1896
f 2055 1897 1896
f 1893 1892 2054
f 2054 1894 1893
f 1741 1892 1893
f 2903 2986 2987
f 2987 2986 2985
f 2987 2985 3017
f 2987 3017 2988
f 2988 2989 2987
f 2989 2903 2987
f 2782 2899 2784
f 2899 2900 2784
f 2784 2900 2785
f 1843 2006 1844
f 1844 1699 1843
f 1697 1842 1698
f 1698 1547 1697
f 2003 1842 1841
f 1842 1697 1841
f 1696 1840 1841
f 1841 1697 1696
f 1544 1696 1545
f 1696 1697 1545
f 1442 1582 1584
f 1584 1585 1442
f 1584 1582 1730
f 1730 1733 1584
f 1733 1585 1584
f 2315 2481 2482
f 2482 2317 2315
f 2317 2316 2315
f 2480 2650 2651
f 2651 2481 2480
f 2152 2316 2317
f 2785 2900 2898
f 2782 2784 2638
f 2638 2784 2785
f 2639 2638 2786
f 2982 2901 2981
f 2982 2986 2902
f 2902 2901 2982
f 2981 2898 2982
f 2982 2898 2900
f 2985 2986 2982
f 2982 2900 2985
f 297 302 303
f 392 419 396
f 396 393 392
f 396 419 421
f 396 395 393
f 421 422 396
f 422 397 396
f 396 397 380
f 380 395 396
f 587 588 591
f 538 588 587
f 587 591 539
f 492 534 495
f 495 534 538
f 590 588 538
f 538 589 590
f 590 648 644
f 644 588 590
f 646 647 590
f 590 647 648
f 590 645 646
f 589 645 590
f 721 720 799
f 720 798 799
f 799 723 721
f 799 802 723
f 799 892 893
f 893 802 799
f 995 1105 1107
f 1107 1105 1222
f 1107 996 995
f 993 1105 995
f 995 893 993
f 893 892 993
f 653 652 724
f 724 725 653
f 651 723 724
f 724 652 651
f 724 723 803
f 726 725 804
f 804 805 726
f 804 724 803
f 725 724 804
f 597 545 544
f 463 502 464
f 464 431 463
f 543 500 542
f 543 595 596
f 542 595 543
f 543 544 500
f 543 596 597
f 597 544 543
f 428 460 461
f 428 426 459
f 459 460 428
f 1512 1372 1511
f 1511 1666 1512
f 1378 1517 1379
f 1378 1379 1248
f 1243 1125 1242
f 1126 1125 1243
f 1242 1372 1373
f 1373 1243 1242
f 1374 1243 1373
f 1372 1512 1373
f 1513 1374 1373
f 1373 1512 1513
f 1670 1817 1671
f 1670 1669 1815
f 1814 1669 1668
f 1668 1669 1513
f 1675 1821 1822
f 1822 1821 1979
f 1979 1980 1822
f 1822 1980 1823
f 1823 1824 1678
f 1678 1677 1823
f 1679 1523 1678
f 1522 1677 1678
f 1678 1523 1522
f 2298 2466 2467
f 2467 2468 2298
f 2467 2466 2635
f 1979 1978 2137
f 2137 1977 2136
f 2137 1978 1977
f 2137 2136 2297
f 2297 2298 2137
f 1981 2140 1983
f 2140 2141 1983
f 1983 1984 1825
f 2305 2143 2142
f 2143 1984 2142
f 2142 2141 2303
f 2142 1983 2141
f 1984 1983 2142
f 2303 2304 2142
f 2142 2304 2305
f 2301 2302 2140
f 2301 2300 2469
f 2471 2302 2301
f 1833 1992 1834
f 2473 2306 2304
f 2473 2304 2303
f 2303 2472 2473
f 2472 2471 2473
f 1819 1977 1820
f 1819 1976 1977
f 1819 1818 1975
f 1975 1976 1819
f 1674 1820 1675
f 1671 1817 1672
f 1672 1817 1818
f 1672 1673 1517
f 1672 1819 1673
f 1818 1819 1672
f 1816 1815 1973
f 1973 1817 1816
f 1816 1670 1815
f 1817 1670 1816
f 1673 1674 1519
f 1518 1673 1519
f 1675 1520 1519
f 1519 1674 1675
f 1046 951 1060
f 1060 1163 1046
f 1163 1047 1046
f 1047 941 1046
f 1046 940 951
f 1046 941 940
f 1164 1166 1162
f 1162 1047 1164
f 1166 1048 1162
f 1162 1048 1045
f 1045 1047 1162
f 1275 1160 1159
f 1161 1275 1159
f 1159 1044 1161
f 1411 1272 1410
f 1272 1274 1410
f 951 851 936
f 936 1037 951
f 842 755 757
f 757 843 842
f 1037 936 935
f 1165 1281 1170
f 1170 1281 1286
f 1286 1167 1170
f 1053 1165 1170
f 1170 1167 1053
f 1042 1161 1043
f 1042 960 1161
f 861 961 860
f 861 770 773
f 860 770 861
f 773 864 861
f 864 960 861
f 960 961 861
f 1038 1040 1039
f 1039 1037 1038
f 1037 935 1038
f 934 937 1038
f 1038 935 934
f 1158 1157 1041
f 1157 1040 1041
f 1044 1159 1041
f 1041 1160 1158
f 1041 1159 1160
f 550 604 665
f 551 505 550
f 549 604 550
f 550 505 549
f 601 547 546
f 601 602 547
f 546 545 601
f 663 602 601
f 661 662 601
f 601 662 663
f 663 662 737
f 738 663 737
f 732 731 812
f 731 811 812
f 812 811 906
f 812 813 732
f 812 906 909
f 909 813 812
f 815 814 911
f 911 816 815
f 733 814 815
f 734 733 815
f 815 816 734
f 734 816 818
f 818 913 819
f 818 816 913
f 676 677 613
f 613 612 676
f 676 612 675
f 748 677 676
f 676 675 748
f 556 610 611
f 611 612 556
f 556 612 557
f 697 679 751
f 697 772 698
f 751 772 697
f 630 679 697
f 698 694 697
f 694 630 697
f 467 435 466
f 467 505 506
f 466 504 467
f 657 728 729
f 728 809 729
f 729 730 657
f 729 809 730
f 902 809 808
f 808 809 728
f 728 807 808
f 808 899 902
f 808 807 899
f 730 809 810
f 810 731 730
f 810 811 731
f 471 469 472
f 435 469 471
f 471 470 407
f 407 435 471
f 744 745 671
f 743 744 671
f 672 609 670
f 670 671 672
f 672 671 745
f 828 745 827
f 829 745 828
f 827 924 828
f 828 926 829
f 1025 923 922
f 922 923 826
f 922 826 825
f 922 825 921
f 921 1022 922
f 1030 927 1029
f 1029 1145 1030
f 1145 1031 1030
f 1030 1031 929
f 748 831 832
f 830 927 928
f 928 831 830
f 927 1030 928
f 834 832 928
f 928 832 831
f 928 929 834
f 928 1030 929
f 1026 1027 925
f 1027 926 925
f 926 828 925
f 925 924 1026
f 925 828 924
f 1028 926 1027
f 927 926 1028
f 1027 1143 1028
f 1028 1143 1029
f 1029 927 1028
f 1683 1529 1528
f 1528 1529 1390
f 1390 1389 1528
f 1528 1389 1527
f 1527 1680 1528
f 1682 1680 1526
f 1682 1526 1681
f 1683 1528 1682
f 1682 1528 1680
f 1681 1828 1682
f 1682 1828 1683
f 1392 1262 1530
f 1530 1532 1392
f 1257 1256 1385
f 1385 1388 1257
f 1415 1412 1303
f 1303 1305 1415
f 1185 1074 1184
f 1185 1183 1074
f 1185 1303 1183
f 1184 1304 1185
f 1185 1304 1305
f 1305 1303 1185
f 964 1073 1074
f 963 1036 964
f 1036 1073 964
f 964 864 963
f 964 960 864
f 1033 1152 1034
f 1034 931 1033
f 1153 1267 1034
f 1034 1152 1153
f 1268 1267 1153
f 1151 1033 1032
f 1152 1033 1151
f 1264 1265 1151
f 1265 1152 1151
f 1266 1152 1265
f 1266 1400 1268
f 1266 1265 1400
f 1268 1153 1266
f 1266 1153 1152
f 1395 1394 1533
f 1392 1532 1393
f 1393 1262 1392
f 1393 1394 1262
f 1393 1533 1394
f 1532 1533 1393
f 1688 1833 1834
f 1834 1835 1691
f 1538 1692 1693
f 1537 1692 1538
f 1694 1695 1542
f 1396 1263 1395
f 1396 1397 1263
f 1398 1265 1264
f 1264 1397 1398
f 1398 1397 1537
f 1537 1538 1398
f 1544 1545 1405
f 1405 1545 1406
f 1405 1406 1270
f 1270 1269 1405
f 1147 1031 1146
f 1148 1031 1147
f 1146 1262 1147
f 1262 1148 1147
f 836 835 930
f 930 931 836
f 930 835 929
f 930 929 1032
f 1032 1033 930
f 930 1033 931
f 736 817 820
f 820 737 736
f 736 737 662
f 736 662 661
f 914 915 918
f 914 817 915
f 918 820 914
f 820 817 914
f 1135 1252 1253
f 1253 1384 1254
f 1253 1383 1384
f 1382 1383 1253
f 1253 1252 1382
f 1132 1019 1020
f 1132 1134 1019
f 1136 1137 1023
f 1023 1135 1136
f 1023 1134 1135
f 1023 922 1022
f 1023 1022 1021
f 1021 1134 1023
f 2240 2242 2086
f 2085 2240 2086
f 2086 1926 2085
f 1927 1926 2086
f 2086 1929 1927
f 2246 2416 2417
f 2412 2416 2246
f 2762 2871 2872
f 2762 2761 2871
f 2621 2616 2762
f 2616 2761 2762
f 2763 2621 2762
f 2762 2874 2763
f 2872 2873 2762
f 2873 2874 2762
f 1664 1665 1509
f 1664 1663 1809
f 2124 2125 1965
f 2125 1966 1965
f 1965 2122 2124
f 1964 2122 1965
f 1965 1809 1964
f 1965 1966 1809
f 1810 1664 1809
f 1811 1665 1810
f 1665 1664 1810
f 2290 2291 2130
f 2130 2129 2290
f 2290 2129 2289
f 2290 2289 2459
f 2290 2459 2460
f 2460 2291 2290
f 1967 2126 2127
f 1967 1966 2125
f 2125 2126 1967
f 1809 1966 1967
f 1967 1810 1809
f 1813 1970 1814
f 1813 1812 1970
f 1666 1812 1813
f 1248 1130 1129
f 1129 1015 1128
f 1016 1015 1129
f 1129 1130 1016
f 1131 1017 1016
f 1016 1130 1131
f 1020 1017 1131
f 1131 1249 1251
f 1248 1249 1131
f 1131 1130 1248
f 1506 1368 1505
f 1505 1658 1506
f 1657 1658 1505
f 1366 1504 1505
f 1963 2122 1964
f 1963 2281 2122
f 2121 2281 1963
f 2604 2603 2440
f 2603 2442 2440
f 2440 2602 2604
f 2441 2603 2605
f 2441 2442 2603
f 2441 2605 2606
f 1231 1358 1360
f 1233 1232 1362
f 1117 1232 1233
f 1362 1232 1361
f 1361 1231 1360
f 1232 1231 1361
f 1117 1118 1006
f 1006 906 905
f 1119 1006 1118
f 1652 1653 1500
f 1649 1794 1650
f 1509 1370 1508
f 1661 1508 1660
f 1807 1960 1806
f 1806 1661 1807
f 1807 1661 1660
f 1805 1960 1807
f 1807 1660 1805
f 1369 1368 1506
f 1506 1507 1369
f 1240 1239 1369
f 1239 1368 1369
f 1369 1370 1240
f 1369 1508 1370
f 1507 1508 1369
f 1806 1960 1961
f 1961 1962 1806
f 1961 1960 2117
f 2117 2118 1961
f 2278 2279 2119
f 2119 2118 2278
f 2119 2279 2280
f 2119 1961 2118
f 1277 1413 1414
f 1414 1413 1551
f 1414 1274 1277
f 1414 1410 1274
f 1414 1551 1411
f 1411 1410 1414
f 1283 1282 1418
f 1283 1560 1420
f 1418 1560 1283
f 1420 1281 1283
f 1281 1282 1283
f 1418 1282 1417
f 1558 1418 1417
f 1417 1416 1558
f 1279 1282 1166
f 1280 1416 1279
f 1279 1417 1282
f 1416 1417 1279
f 1279 1166 1164
f 1164 1280 1279
f 1561 1429 1420
f 1420 1560 1561
f 1571 1429 1561
f 1561 1708 1571
f 1425 1563 1421
f 1425 1286 1289
f 1421 1286 1425
f 1289 1420 1425
f 1420 1429 1425
f 1855 1708 1852
f 1707 1854 1852
f 1852 2013 1855
f 1852 1854 2013
f 1864 1865 1714
f 1714 1862 1864
f 1564 1713 1714
f 1713 1862 1714
f 484 446 482
f 482 521 484
f 369 377 378
f 369 375 377
f 378 370 369
f 384 373 372
f 384 372 383
f 383 404 384
f 384 404 405
f 407 470 436
f 436 408 407
f 407 408 386
f 683 682 618
f 618 617 683
f 561 617 618
f 618 615 561
f 682 615 618
f 559 514 561
f 561 615 559
f 513 514 559
f 1302 1301 1440
f 1301 1439 1440
f 1306 1302 1440
f 1440 1444 1306
f 1581 1438 1580
f 1581 1439 1438
f 1581 1440 1439
f 1580 1444 1581
f 1444 1440 1581
f 1575 1725 1726
f 1726 1576 1575
f 1726 1725 1876
f 1876 1576 1726
f 1436 1435 1577
f 1435 1576 1577
f 1577 1576 1727
f 1577 1578 1436
f 1577 1727 1578
f 1067 957 956
f 957 857 956
f 956 1066 1067
f 956 857 856
f 1063 1065 956
f 1065 1066 956
f 768 767 856
f 692 691 768
f 691 767 768
f 768 769 692
f 858 769 768
f 768 857 858
f 856 857 768
f 953 1062 954
f 954 854 855
f 855 953 954
f 1059 1062 952
f 952 1062 953
f 952 950 1059
f 952 953 852
f 852 950 952
f 846 947 948
f 948 949 846
f 1059 950 1058
f 950 949 1058
f 1058 1061 1059
f 949 948 1058
f 1058 1057 1175
f 1175 1061 1058
f 1058 947 1057
f 1058 948 947
f 848 949 950
f 848 852 849
f 848 950 852
f 849 759 848
f 759 847 848
f 847 949 848
f 1052 944 1051
f 1051 1169 1052
f 1051 944 1050
f 1168 1169 1051
f 1051 1167 1168
f 1050 1167 1051
f 947 946 945
f 945 1055 947
f 945 946 845
f 1052 1054 945
f 1054 1055 945
f 845 944 945
f 945 944 1052
f 444 413 443
f 443 479 480
f 480 481 443
f 449 444 443
f 443 481 449
f 440 413 411
f 411 410 440
f 439 478 440
f 440 410 439
f 2060 1902 1901
f 2060 2061 2215
f 2060 1901 2061
f 868 969 870
f 969 871 870
f 870 871 778
f 870 777 868
f 778 777 870
f 971 871 969
f 969 1080 971
f 872 871 971
f 971 972 872
f 1085 974 1083
f 974 972 1083
f 1196 1085 1083
f 1083 1195 1196
f 969 869 970
f 970 1080 969
f 970 869 968
f 1081 1080 970
f 970 1079 1081
f 968 1079 970
f 625 693 626
f 693 631 626
f 626 631 573
f 573 568 626
f 626 568 567
f 624 625 626
f 626 567 624
f 1737 1589 1588
f 1588 1736 1737
f 1737 1736 1589
f 1878 2038 1884
f 1884 1736 1878
f 1884 2046 1885
f 1885 1736 1884
f 2858 2739 2860
f 2860 2739 2738
f 2738 2740 2860
f 2740 2861 2860
f 2431 2261 2433
f 2433 2432 2431
f 2586 2585 2426
f 2426 2425 2586
f 2265 2255 2426
f 2426 2585 2265
f 2263 2255 2265
f 2263 2106 2264
f 2265 2106 2263
f 2581 2577 2418
f 2577 2419 2418
f 2418 2247 2251
f 2419 2247 2418
f 2254 2255 2097
f 2254 2426 2255
f 2425 2426 2254
f 2254 2096 2253
f 2097 2096 2254
f 2253 2419 2424
f 2424 2254 2253
f 2425 2254 2424
f 2424 2419 2579
f 2579 2584 2424
f 2584 2425 2424
f 1647 1794 1649
f 1795 1793 1647
f 1647 1793 1794
f 1490 1351 1487
f 1359 1351 1490
f 1495 1358 1357
f 1497 1358 1495
f 1497 1647 1649
f 1495 1647 1497
f 1649 1650 1497
f 1497 1650 1498
f 1497 1498 1360
f 1360 1358 1497
f 1949 1794 1948
f 1794 1793 1948
f 2267 2107 2266
f 2107 2106 2266
f 2266 2106 2265
f 2435 2267 2266
f 2266 2434 2435
f 2266 2595 2434
f 2265 2595 2266
f 1951 2107 2108
f 1951 1950 2107
f 1654 1502 1655
f 1502 1653 1655
f 2589 2583 2428
f 2428 2587 2589
f 2740 2583 2589
f 2589 2587 2740
f 2248 2253 2095
f 2248 2419 2253
f 2248 2247 2419
f 1934 1783 1936
f 1936 2091 1934
f 1642 1783 1640
f 1489 1640 1635
f 1635 1640 1783
f 1784 1937 1785
f 1785 1637 1784
f 1785 1786 1637
f 2258 2098 2100
f 2101 2259 2100
f 2093 1935 2094
f 1935 1941 2094
f 2094 2099 2252
f 1942 2099 2094
f 2094 1941 1942
f 2094 2249 2093
f 2252 2249 2094
f 2076 1917 1916
f 1916 2075 2076
f 1918 1917 2076
f 2076 2077 1918
f 2231 2077 2076
f 2076 2230 2231
f 2229 2230 2076
f 2076 2075 2229
f 979 1092 980
f 1092 1093 980
f 882 881 980
f 980 881 979
f 1621 1470 1620
f 1621 1620 1767
f 1621 1767 1768
f 1333 1470 1471
f 1470 1621 1471
f 1769 1770 1623
f 1768 1918 1769
f 1918 1919 1769
f 1919 1770 1769
f 581 580 639
f 639 583 581
f 532 580 581
f 581 583 532
f 492 455 493
f 493 535 492
f 455 456 493
f 420 452 399
f 425 452 420
f 1337 1211 1210
f 1210 1098 1097
f 1099 1098 1210
f 1210 1211 1099
f 1624 1475 1474
f 1623 1770 1624
f 1218 1103 1217
f 1218 1343 1345
f 1217 1343 1218
f 1216 1103 1218
f 1345 1226 1218
f 1218 1226 1216
f 1224 1107 1222
f 1222 1351 1224
f 1224 1351 1353
f 1230 1231 1113
f 1358 1231 1230
f 2212 2056 2211
f 2211 2056 2210
f 2211 2378 2212
f 2211 2210 2376
f 2376 2378 2211
f 2704 2702 2824
f 2822 2825 2824
f 2825 2704 2824
f 1748 1900 1750
f 1748 1603 1747
f 1747 1899 1748
f 1899 1900 1748
f 1605 1603 1748
f 1748 1750 1605
f 1742 1595 1741
f 1741 1893 1742
f 1742 1596 1595
f 1742 1743 1596
f 1894 1743 1742
f 1742 1893 1894
f 1596 1743 1597
f 1449 1596 1597
f 1597 1598 1449
f 1744 1598 1597
f 1597 1743 1744
f 1895 1743 1894
f 1895 1896 1743
f 1895 1894 2055
f 2055 1896 1895
f 1693 1692 1837
f 2156 2157 2000
f 2000 2157 2158
f 1840 1839 2000
f 2005 1843 1842
f 2005 1842 2004
f 2006 1843 2005
f 2004 2161 2005
f 2005 2162 2006
f 2005 2161 2162
f 1548 1547 1699
f 1699 1549 1548
f 1548 1549 1408
f 1548 1408 1407
f 1407 1547 1548
f 1408 1549 1550
f 1582 1441 1550
f 1550 1441 1408
f 1550 1699 1582
f 1550 1549 1699
f 1546 1547 1406
f 1406 1545 1546
f 1546 1697 1547
f 1546 1545 1697
f 2479 2649 2650
f 2650 2480 2479
f 2648 2649 2479
f 2320 2321 2153
f 2485 2321 2320
f 2154 2323 2324
f 2324 2155 2154
f 2785 2898 2783
f 2783 2638 2785
f 2786 2638 2783
f 2636 2635 2780
f 2780 2781 2636
f 2636 2781 2782
f 2469 2468 2636
f 2636 2467 2635
f 2468 2467 2636
f 304 301 297
f 297 303 304
f 310 309 316
f 310 302 309
f 458 495 496
f 452 495 458
f 496 459 458
f 459 452 458
f 457 452 425
f 457 495 452
f 492 495 457
f 457 425 455
f 457 455 492
f 496 495 537
f 538 587 537
f 537 495 538
f 891 993 892
f 892 799 891
f 891 799 798
f 891 798 800
f 1222 1105 1221
f 1105 1219 1221
f 1485 1637 1486
f 1485 1636 1637
f 654 725 726
f 726 655 654
f 653 725 654
f 654 595 653
f 501 545 546
f 501 544 545
f 546 502 501
f 502 463 501
f 500 544 501
f 501 463 500
f 500 463 462
f 462 430 461
f 461 500 462
f 497 540 498
f 498 460 497
f 461 460 498
f 427 402 401
f 427 428 402
f 401 426 427
f 426 428 427
f 461 430 429
f 429 428 461
f 402 428 429
f 430 403 429
f 429 403 402
f 898 901 1000
f 1114 1112 1000
f 1000 899 898
f 1000 1001 899
f 1113 1001 1000
f 1000 1112 1113
f 1003 901 996
f 1114 1000 1003
f 1003 1000 901
f 805 804 806
f 806 804 803
f 1667 1512 1666
f 1666 1813 1667
f 1513 1512 1667
f 1667 1668 1513
f 1823 1677 1676
f 1676 1822 1823
f 1675 1822 1676
f 1522 1521 1676
f 1676 1677 1522
f 1979 2137 2138
f 2138 2139 1980
f 2138 1980 1979
f 2299 2139 2138
f 2470 2301 2469
f 2469 2638 2470
f 2638 2639 2470
f 2470 2639 2471
f 2471 2301 2470
f 1992 1833 1991
f 1990 2149 1991
f 1991 2149 1992
f 2147 1988 2146
f 2309 2149 2308
f 1380 1379 1518
f 1518 1519 1380
f 1380 1520 1381
f 1380 1519 1520
f 1381 1251 1380
f 1251 1249 1380
f 1248 1379 1380
f 1380 1249 1248
f 850 936 851
f 851 762 850
f 761 838 850
f 850 762 761
f 839 753 840
f 934 935 839
f 839 935 936
f 752 753 839
f 839 838 752
f 839 850 838
f 936 850 839
f 840 755 841
f 755 842 841
f 841 839 840
f 934 839 841
f 841 937 934
f 841 842 937
f 962 961 960
f 960 1042 962
f 939 1042 1043
f 1043 1044 939
f 1044 1041 939
f 605 606 551
f 551 550 605
f 605 550 665
f 605 739 666
f 665 739 605
f 666 667 605
f 667 606 605
f 545 599 600
f 600 601 545
f 600 599 661
f 661 601 600
f 819 817 735
f 735 818 819
f 734 818 735
f 735 661 734
f 735 736 661
f 817 736 735
f 468 467 506
f 435 467 468
f 468 469 435
f 468 506 507
f 507 469 468
f 903 809 902
f 902 1004 903
f 904 903 1004
f 904 1006 905
f 904 810 809
f 809 903 904
f 905 811 904
f 811 810 904
f 473 471 472
f 473 474 438
f 472 508 473
f 473 508 553
f 673 610 609
f 609 672 673
f 611 610 673
f 673 674 611
f 673 672 745
f 833 749 748
f 748 832 833
f 834 749 833
f 833 832 834
f 1391 1530 1262
f 1529 1530 1391
f 1391 1262 1260
f 1260 1390 1391
f 1390 1529 1391
f 1684 1529 1828
f 1684 1530 1529
f 1828 1829 1684
f 1684 1829 1685
f 1685 1530 1684
f 1531 1530 1685
f 1532 1530 1531
f 1685 1686 1531
f 1524 1388 1387
f 1388 1385 1387
f 1387 1386 1524
f 1278 1303 1412
f 1183 1303 1278
f 1278 1412 1161
f 1161 1183 1278
f 1074 1072 1071
f 1071 964 1074
f 1071 1072 960
f 960 964 1071
f 1032 1149 1150
f 1150 1151 1032
f 1264 1151 1150
f 1150 1263 1264
f 1150 1149 1263
f 1831 1833 1832
f 1833 1688 1832
f 1686 1831 1832
f 1395 1533 1534
f 1534 1533 1532
f 1693 1540 1539
f 1539 1538 1693
f 1539 1540 1400
f 1541 1540 1694
f 1694 1542 1541
f 1543 1695 1544
f 1543 1542 1695
f 1403 1542 1543
f 1268 1400 1401
f 1401 1541 1542
f 1400 1540 1401
f 1540 1541 1401
f 1400 1265 1399
f 1265 1398 1399
f 1399 1539 1400
f 1399 1398 1538
f 1538 1539 1399
f 1544 1405 1404
f 1404 1543 1544
f 1403 1543 1404
f 1269 1403 1404
f 1404 1405 1269
f 1024 1023 1137
f 1138 1025 1024
f 1024 1137 1138
f 1025 922 1024
f 922 1023 1024
f 2415 2573 2572
f 2415 2417 2573
f 1932 1780 1931
f 2241 2086 2242
f 2127 1969 1968
f 1968 1967 2127
f 1968 1812 1811
f 1968 1969 1812
f 1811 1810 1968
f 1810 1967 1968
f 1020 1131 1133
f 1250 1132 1133
f 1133 1132 1020
f 1133 1131 1251
f 1133 1252 1250
f 1251 1252 1133
f 1503 1502 1654
f 1503 1365 1502
f 1366 1365 1503
f 1503 1504 1366
f 1659 1507 1506
f 1506 1658 1659
f 1659 1658 1805
f 1805 1660 1659
f 1660 1508 1659
f 1659 1508 1507
f 1367 1238 1366
f 1366 1505 1367
f 1367 1505 1368
f 1239 1238 1367
f 1367 1368 1239
f 2439 2438 2602
f 2602 2440 2439
f 1656 1503 1654
f 1504 1503 1656
f 1657 1505 1656
f 1656 1505 1504
f 1804 1658 1657
f 1657 1803 1804
f 1805 1658 1804
f 1804 1958 1805
f 2606 2607 2444
f 2444 2441 2606
f 1002 1004 902
f 1002 1001 1113
f 902 899 1002
f 899 1001 1002
f 1116 1231 1232
f 1116 1232 1117
f 1117 1004 1116
f 1004 1002 1116
f 1363 1362 1501
f 1501 1502 1363
f 1498 1650 1499
f 1500 1362 1499
f 1362 1361 1499
f 1360 1498 1499
f 1499 1361 1360
f 1120 1008 1007
f 1007 1119 1120
f 909 906 1007
f 1007 1008 909
f 906 1006 1007
f 1006 1119 1007
f 1120 1119 1235
f 1797 1951 1798
f 1798 1951 1952
f 1653 1652 1798
f 1798 1799 1653
f 1651 1650 1797
f 1797 1798 1651
f 1651 1798 1652
f 1651 1499 1650
f 1651 1652 1500
f 1500 1499 1651
f 1794 1950 1796
f 1796 1650 1794
f 1797 1650 1796
f 1796 1951 1797
f 1950 1951 1796
f 1662 1664 1509
f 1663 1664 1662
f 1509 1508 1662
f 1508 1661 1662
f 1806 1962 1808
f 1808 1661 1806
f 1808 1963 1964
f 1962 1963 1808
f 1964 1809 1808
f 1809 1663 1808
f 1663 1662 1808
f 1808 1662 1661
f 1962 1961 2120
f 1961 2119 2120
f 2121 1963 2120
f 2120 1963 1962
f 2280 2121 2120
f 2120 2119 2280
f 1706 1560 1559
f 1706 1561 1560
f 1708 1561 1706
f 1706 1705 1707
f 1559 1705 1706
f 1707 1852 1706
f 1706 1852 1708
f 1429 1572 1562
f 1562 1425 1429
f 1709 1710 1562
f 1562 1572 1709
f 1710 1563 1562
f 1563 1425 1562
f 1715 1565 1564
f 1564 1714 1715
f 415 417 416
f 391 417 415
f 416 390 415
f 390 391 415
f 409 417 391
f 391 386 409
f 409 386 408
f 438 417 409
f 408 436 409
f 448 417 438
f 438 474 448
f 448 482 446
f 367 369 370
f 372 373 367
f 367 373 374
f 406 434 407
f 405 434 406
f 406 384 405
f 407 386 385
f 385 386 373
f 385 406 407
f 373 384 385
f 384 406 385
f 387 386 391
f 387 376 374
f 391 376 387
f 374 373 387
f 373 386 387
f 560 615 616
f 560 559 615
f 513 559 560
f 560 515 513
f 560 562 515
f 560 616 562
f 955 956 856
f 955 954 1062
f 1063 956 955
f 955 856 854
f 854 954 955
f 442 443 413
f 413 440 442
f 479 443 442
f 442 478 479
f 442 440 478
f 1902 2060 2062
f 2062 2218 2063
f 2063 1902 2062
f 2215 2218 2062
f 2062 2060 2215
f 1195 1083 1082
f 1192 1195 1082
f 1082 1080 1192
f 1082 971 1080
f 972 971 1082
f 1082 1083 972
f 2045 2038 2037
f 2045 1884 2038
f 2036 2191 2045
f 2045 2037 2036
f 2046 1884 2045
f 2045 2199 2046
f 2191 2199 2045
f 2258 2100 2260
f 2260 2100 2259
f 2260 2259 2261
f 2261 2431 2260
f 2260 2429 2258
f 2430 2429 2260
f 2260 2432 2430
f 2260 2431 2432
f 2420 2422 2581
f 2581 2418 2420
f 2420 2418 2251
f 2250 2422 2420
f 2420 2251 2250
f 1359 1490 1496
f 1496 1357 1359
f 1495 1357 1496
f 1228 1357 1358
f 1358 1230 1228
f 1228 1353 1359
f 1359 1357 1228
f 1228 1230 1113
f 1113 1112 1228
f 1947 1793 1795
f 1947 1948 1793
f 2097 1948 1939
f 1786 1785 1939
f 1939 2096 2097
f 2104 2263 2264
f 2264 2106 2104
f 2255 2263 2104
f 2104 2106 1949
f 1949 1948 2104
f 2092 1934 2091
f 2092 2091 2250
f 2250 2251 2092
f 1937 1781 1933
f 1781 1934 1933
f 1634 1781 1636
f 1634 1635 1781
f 1783 1934 1782
f 1782 1635 1783
f 1782 1934 1781
f 1781 1635 1782
f 1795 1647 1648
f 1648 1786 1795
f 1638 1786 1648
f 1648 1647 1495
f 1937 2096 1938
f 1938 1785 1937
f 2096 1939 1938
f 1938 1939 1785
f 2098 1943 1944
f 1944 2100 2098
f 1944 1943 1791
f 1791 2101 1944
f 2101 2100 1944
f 982 1093 983
f 982 980 1093
f 982 983 882
f 882 980 982
f 1334 1333 1472
f 1333 1471 1472
f 1472 1471 1621
f 536 456 494
f 536 493 456
f 582 535 536
f 535 493 536
f 381 380 394
f 394 399 381
f 394 420 399
f 1337 1210 1336
f 1474 1475 1336
f 1336 1475 1337
f 1335 1336 1210
f 1334 1472 1335
f 1475 1624 1625
f 1114 1224 1229
f 1229 1224 1353
f 1229 1112 1114
f 1353 1228 1229
f 1229 1228 1112
f 2822 2824 2701
f 2546 2699 2701
f 2701 2699 2822
f 2701 2547 2546
f 2701 2702 2547
f 2701 2824 2702
f 1836 1837 1692
f 1836 1691 1835
f 1692 1691 1836
f 1998 1837 1836
f 1999 2155 2156
f 2156 2000 1999
f 1999 2154 2155
f 1999 1837 1998
f 1999 1998 2153
f 2153 2154 1999
f 2158 2159 2002
f 2160 2003 2002
f 2002 2159 2160
f 2003 1841 2002
f 2002 1841 1840
f 1994 1995 1835
f 2153 1995 1994
f 2478 2647 2648
f 2648 2479 2478
f 2319 2153 2318
f 2319 2320 2153
f 2318 2484 2319
f 2319 2484 2485
f 2485 2320 2319
f 2153 2321 2322
f 2322 2154 2153
f 2323 2154 2322
f 2485 2323 2322
f 2322 2321 2485
f 2637 2638 2469
f 2469 2636 2637
f 2782 2638 2637
f 2637 2636 2782
f 2471 2639 2640
f 2640 2639 2786
f 2786 2642 2640
f 2306 2473 2474
f 2474 2642 2643
f 311 303 302
f 302 310 311
f 1105 993 992
f 993 891 992
f 1347 1221 1219
f 1347 1485 1486
f 1486 1487 1347
f 1487 1350 1347
f 1347 1350 1222
f 1222 1221 1347
f 1348 1225 1352
f 1348 1223 1225
f 1352 1489 1348
f 540 593 541
f 541 498 540
f 499 500 461
f 461 498 499
f 498 541 499
f 542 500 499
f 499 541 542
f 1107 1224 1108
f 996 1107 1108
f 1108 1003 996
f 1108 1224 1114
f 1114 1003 1108
f 900 897 996
f 996 901 900
f 803 897 900
f 900 806 803
f 805 806 900
f 898 805 900
f 900 901 898
f 1516 1670 1671
f 1671 1672 1516
f 1516 1672 1517
f 1244 1243 1374
f 1126 1243 1244
f 1246 1129 1128
f 1990 1991 1989
f 1989 1991 1833
f 1989 1833 1831
f 1989 1831 1988
f 1988 2147 1989
f 2308 2147 2307
f 2143 2304 2307
f 2304 2306 2307
f 2146 2143 2307
f 2307 2147 2146
f 2314 2149 2313
f 2313 2481 2314
f 2313 2480 2481
f 862 962 1042
f 1042 939 862
f 860 961 862
f 961 962 862
f 862 939 843
f 862 771 860
f 843 771 862
f 843 939 938
f 1040 1038 938
f 938 1041 1040
f 938 939 1041
f 938 1038 937
f 938 842 843
f 937 842 938
f 511 556 557
f 1005 1004 1117
f 1005 904 1004
f 1117 1006 1005
f 1006 904 1005
f 509 473 553
f 553 608 509
f 509 608 554
f 674 673 746
f 746 673 745
f 746 745 829
f 746 747 674
f 746 829 747
f 1255 1387 1385
f 1255 1137 1254
f 1386 1387 1255
f 1256 1137 1255
f 1255 1385 1256
f 1254 1384 1255
f 1384 1386 1255
f 1834 1691 1535
f 1535 1396 1395
f 1395 1534 1535
f 1688 1534 1687
f 1686 1832 1687
f 1687 1832 1688
f 1687 1534 1532
f 1402 1542 1403
f 1402 1401 1542
f 1268 1401 1402
f 1402 1269 1268
f 1402 1403 1269
f 2572 2571 2413
f 2413 2415 2572
f 2413 2571 2433
f 2414 2246 2417
f 2417 2415 2414
f 1932 1931 1946
f 2102 1945 1946
f 1792 1932 1946
f 1946 1945 1792
f 1930 1931 1780
f 1780 1778 1930
f 1778 1928 1930
f 2412 2246 2243
f 2243 2242 2412
f 2243 2241 2242
f 2269 2437 2270
f 2437 2438 2270
f 2273 2440 2442
f 2442 2441 2273
f 1957 1804 1803
f 1958 1804 1957
f 1959 1960 1805
f 1805 1958 1959
f 2117 1960 1959
f 2277 2118 2117
f 2278 2118 2277
f 2446 2278 2277
f 2277 2445 2446
f 2441 2444 2275
f 1231 1116 1115
f 1115 1116 1002
f 1113 1231 1115
f 1115 1002 1113
f 1120 1235 1236
f 1236 1235 1365
f 1236 1237 1120
f 1236 1365 1366
f 1366 1237 1236
f 1502 1365 1364
f 1365 1235 1364
f 1364 1363 1502
f 1364 1235 1363
f 1234 1119 1118
f 1234 1235 1119
f 1363 1235 1234
f 1234 1118 1117
f 1117 1233 1234
f 1234 1233 1362
f 1362 1363 1234
f 1716 1714 1865
f 1716 1715 1714
f 1716 1865 1717
f 1717 1566 1716
f 1716 1566 1565
f 1565 1715 1716
f 438 409 437
f 470 471 437
f 437 436 470
f 437 409 436
f 437 473 438
f 471 473 437
f 445 448 446
f 417 448 445
f 445 446 416
f 416 417 445
f 521 482 485
f 482 448 485
f 382 372 371
f 372 367 371
f 371 367 370
f 371 370 381
f 381 382 371
f 368 367 374
f 369 367 368
f 375 369 368
f 374 376 368
f 368 376 375
f 1064 1176 1063
f 1063 955 1064
f 1064 1061 1176
f 1064 1062 1061
f 1064 955 1062
f 1948 1947 1940
f 1940 1939 1948
f 1786 1939 1940
f 1795 1786 1940
f 1940 1947 1795
f 2097 2255 2105
f 2255 2104 2105
f 2105 1948 2097
f 2105 2104 1948
f 2251 2247 2090
f 2090 2092 2251
f 2090 2248 2095
f 2247 2248 2090
f 2095 1937 2090
f 1937 1933 2090
f 1934 2092 2090
f 2090 1933 1934
f 1636 1485 1484
f 1484 1634 1636
f 1635 1634 1484
f 1639 1496 1490
f 1638 1648 1639
f 1639 1487 1638
f 1639 1490 1487
f 1623 1472 1622
f 1622 1472 1621
f 1622 1769 1623
f 1622 1621 1768
f 1768 1769 1622
f 1209 1335 1210
f 1209 1097 1208
f 1209 1210 1097
f 1473 1335 1472
f 1473 1472 1623
f 1474 1336 1473
f 1336 1335 1473
f 1476 1475 1626
f 1475 1625 1626
f 1626 1478 1476
f 1626 1627 1478
f 1771 1624 1770
f 1771 1919 1920
f 1771 1770 1919
f 1996 1995 2153
f 1835 1995 1996
f 1996 1836 1835
f 1837 1999 1838
f 1838 1839 1694
f 1838 2000 1839
f 1838 1999 2000
f 1838 1694 1693
f 1693 1837 1838
f 2001 2000 2158
f 2158 2002 2001
f 1840 2000 2001
f 2001 2002 1840
f 2150 2149 2314
f 1992 2149 2150
f 2150 2315 2316
f 2316 2152 2150
f 2314 2481 2150
f 2481 2315 2150
f 1993 1994 1835
f 1993 1835 1834
f 1834 1992 1993
f 2151 2152 2153
f 2153 1994 2151
f 2151 2150 2152
f 1994 1993 2151
f 1992 2150 2151
f 2151 1993 1992
f 2791 2647 2790
f 2471 2640 2641
f 2641 2640 2642
f 2642 2474 2641
f 2641 2473 2471
f 2641 2474 2473
f 1104 1219 1105
f 1105 992 1104
f 994 992 891
f 994 896 997
f 1346 1347 1219
f 1485 1347 1346
f 1489 1635 1488
f 1488 1348 1489
f 1635 1484 1488
f 1488 1484 1348
f 594 593 653
f 594 541 593
f 542 541 594
f 653 595 594
f 594 595 542
f 1515 1376 1514
f 1515 1516 1376
f 1670 1516 1515
f 1514 1669 1515
f 1669 1670 1515
f 1517 1378 1377
f 1377 1516 1517
f 1376 1516 1377
f 1375 1244 1374
f 1375 1374 1514
f 1514 1376 1375
f 1126 1244 1245
f 1245 1246 1128
f 1245 1375 1376
f 1244 1375 1245
f 1376 1377 1245
f 1245 1377 1246
f 1248 1129 1247
f 1129 1246 1247
f 1247 1378 1248
f 1247 1377 1378
f 1246 1377 1247
f 1990 1989 2148
f 2148 1989 2147
f 2148 2147 2308
f 2308 2149 2148
f 2148 2149 1990
f 2306 2474 2475
f 2475 2307 2306
f 2308 2307 2475
f 2475 2309 2308
f 555 509 554
f 554 610 555
f 610 556 555
f 1689 1534 1688
f 1689 1688 1834
f 1536 1535 1691
f 1536 1692 1537
f 1536 1691 1692
f 1537 1397 1536
f 1397 1396 1536
f 1396 1535 1536
f 2433 2261 2262
f 2262 2413 2433
f 2262 2261 2102
f 2089 2243 2246
f 2415 2413 2245
f 2245 2414 2415
f 2246 2414 2245
f 2413 2262 2245
f 2269 2270 2109
f 2109 2268 2269
f 2108 2268 2109
f 2109 1951 2108
f 1952 1951 2109
f 2440 2273 2272
f 1654 1655 1800
f 1800 1655 1653
f 1653 1799 1800
f 1802 1656 1654
f 1802 1803 1657
f 1657 1656 1802
f 2607 2445 2443
f 2443 2444 2607
f 2115 1959 1958
f 2274 2273 2441
f 2441 2275 2274
f 475 448 474
f 475 485 448
f 474 511 475
f 524 521 512
f 521 485 512
f 512 511 557
f 512 475 511
f 485 475 512
f 512 558 524
f 557 558 512
f 1495 1496 1641
f 1496 1639 1641
f 1641 1648 1495
f 1641 1639 1648
f 1774 1627 1773
f 1627 1626 1773
f 1773 1922 1923
f 1923 1774 1773
f 1998 1836 1997
f 1836 1996 1997
f 2153 1998 1997
f 1997 1996 2153
f 2647 2478 2646
f 2646 2790 2647
f 2902 2791 2789
f 2791 2790 2789
f 2789 2901 2902
f 896 994 894
f 800 801 894
f 801 896 894
f 894 891 800
f 894 994 891
f 1106 1104 992
f 992 994 1106
f 1219 1104 1106
f 1106 994 997
f 1349 1484 1485
f 1485 1346 1349
f 1349 1346 1219
f 1223 1348 1349
f 1348 1484 1349
f 1126 1245 1127
f 1127 1245 1128
f 1127 1128 1013
f 1012 1126 1127
f 1127 1013 1012
f 556 511 510
f 510 555 556
f 509 555 510
f 510 511 474
f 474 473 510
f 473 509 510
f 1690 1535 1534
f 1534 1689 1690
f 1834 1535 1690
f 1690 1689 1834
f 2087 1928 1929
f 2087 1930 1928
f 1931 1930 2087
f 2087 2089 1931
f 1929 2086 2087
f 2086 2241 2087
f 2241 2243 2087
f 2243 2089 2087
f 1931 2089 2088
f 2088 1946 1931
f 2110 2109 2270
f 2112 2273 2113
f 2112 2272 2273
f 1654 1800 1801
f 1801 1800 1955
f 1801 1802 1654
f 1955 1802 1801
f 1956 1957 1803
f 1803 1802 1956
f 1956 1802 1955
f 1956 2112 2113
f 1955 2112 1956
f 2117 1959 2116
f 1959 2115 2116
f 2116 2277 2117
f 2116 2115 2275
f 2114 1956 2113
f 1957 1956 2114
f 1958 1957 2114
f 2114 2115 1958
f 2113 2273 2114
f 2273 2274 2114
f 2275 2115 2114
f 2114 2274 2275
f 1772 1625 1624
f 1624 1771 1772
f 1772 1920 1921
f 1772 1771 1920
f 1921 1922 1772
f 1922 1773 1772
f 2309 2475 2476
f 2476 2474 2643
f 2476 2475 2474
f 2644 2789 2790
f 2644 2476 2643
f 2312 2313 2149
f 2149 2311 2312
f 2480 2313 2312
f 2312 2479 2480
f 2312 2311 2479
f 1109 1106 997
f 1223 1106 1109
f 1109 998 1110
f 997 998 1109
f 1110 1225 1109
f 1225 1223 1109
f 1220 1106 1223
f 1223 1349 1220
f 1219 1106 1220
f 1220 1349 1219
f 2244 2088 2089
f 2244 2089 2246
f 2246 2245 2244
f 2103 2245 2262
f 2103 2262 2102
f 2103 2244 2245
f 2088 2244 2103
f 2102 1946 2103
f 1946 2088 2103
f 1953 1800 1799
f 1953 1798 1952
f 1799 1798 1953
f 1952 2109 1953
f 2109 2110 1953
f 2438 2439 2271
f 2271 2270 2438
f 2271 2439 2440
f 2440 2272 2271
f 2277 2116 2276
f 2276 2116 2275
f 2445 2277 2276
f 2276 2443 2445
f 2276 2275 2444
f 2444 2443 2276
f 2790 2646 2645
f 2645 2644 2790
f 2476 2644 2645
f 2901 2789 2897
f 2981 2901 2897
f 2786 2783 2897
f 2897 2898 2981
f 2897 2783 2898
f 1955 1800 1954
f 1800 1953 1954
f 2477 2646 2478
f 2477 2645 2646
f 2309 2476 2477
f 2476 2645 2477
f 2789 2644 2788
f 2788 2897 2789
f 2788 2644 2643
f 2111 1953 2110
f 2111 1954 1953
f 2111 2112 1955
f 1955 1954 2111
f 2111 2110 2270
f 2270 2271 2111
f 2272 2112 2111
f 2111 2271 2272
f 2310 2478 2479
f 2310 2477 2478
f 2479 2311 2310
f 2310 2311 2149
f 2149 2309 2310
f 2309 2477 2310
f 2786 2897 2787
f 2897 2788 2787
f 2787 2642 2786
f 2643 2642 2787
f 2787 2788 2643
f 362 3033 3041
f 3041 364 362
f 362 366 363
f 362 364 366
f 2227 2072 2226
f 2073 2072 2227
f 2396 2227 2226
f 2226 2395 2396
f 825 824 823
f 823 921 825
f 715 714 792
f 792 714 791
f 984 981 983
f 884 981 984
f 270 3013 2979
f 274 270 2979
f 2292 2461 2293
f 2293 2461 2462
f 822 821 919
f 919 821 918
f 823 824 741
f 741 740 823
f 434 433 435
f 435 433 466
f 2074 1915 1914
f 2074 1914 2073
f 1468 1618 1469
f 1469 1618 1619
f 1914 1765 1764
f 1764 1913 1914
f 1767 1620 1766
f 1766 1620 1619
f 1914 1915 1766
f 1766 1765 1914
f 640 710 713
f 643 640 713
f 788 789 880
f 712 789 788
f 424 455 425
f 398 424 425
f 1098 987 986
f 1098 986 1097
f 2389 2217 2388
f 2389 2388 2546
f 2832 2710 2709
f 2832 2709 2831
f 1975 1974 2134
f 2134 1974 2133
f 2135 2134 2295
f 2295 2296 2135
f 2887 2773 2772
f 2886 2887 2772
f 1981 1980 2139
f 2139 2140 1981
f 604 548 603
f 549 548 604
f 503 548 549
f 549 504 503
f 1889 1890 1740
f 978 879 787
f 787 786 978
f 1331 1469 1470
f 1332 1331 1470
f 583 641 642
f 642 584 583
f 456 491 494
f 454 491 456
f 456 423 454
f 424 423 456
f 718 647 716
f 716 717 718
f 1843 1699 1842
f 2318 2153 2152
f 2152 2317 2318
f 1678 1824 1825
f 1678 1825 1679
f 1825 1824 1983
f 1983 1824 1981
f 2140 2139 2301
f 2301 2139 2300
f 1673 1819 1674
f 1674 1819 1820
f 820 821 737
f 737 821 738
f 467 504 549
f 549 505 467
f 671 670 742
f 742 743 671
f 1136 1135 1253
f 1254 1136 1253
f 1135 1134 1132
f 1250 1135 1132
f 3041 3033 2860
f 3033 3008 2860
f 2860 2753 2752
f 2860 2864 2866
f 2860 2866 2952
f 2860 2954 2869
f 2860 2756 2755
f 2755 2754 2860
f 2860 2859 2858
f 2860 3040 3041
f 2860 2863 2864
f 2956 2955 2860
f 2860 2856 2855
f 2860 3003 3027
f 2952 2953 2860
f 2752 2751 2860
f 2869 2758 2860
f 2955 2954 2860
f 2860 3008 2956
f 2860 2749 2748
f 2748 2868 2860
f 2860 2953 3003
f 2860 2751 2750
f 2754 2753 2860
f 2860 2758 2757
f 2757 2756 2860
f 3037 3040 2860
f 3027 3036 2860
f 2860 2868 2857
f 2857 2856 2860
f 2855 2854 2860
f 2750 2749 2860
f 2860 3036 3037
f 2862 2863 2860
f 2854 2859 2860
f 2860 2861 2862
f 1640 1489 1491
f 1640 1491 1642
f 537 587 539
f 539 496 537
f 596 595 654
f 654 655 596
f 462 463 431
f 462 431 430
f 1667 1813 1814
f 1814 1668 1667
f 1521 1520 1676
f 1676 1520 1675
f 2138 2137 2298
f 2298 2299 2138
f 494 533 536
f 536 533 582
f 394 397 398
f 380 397 394
f 398 425 394
f 425 420 394
f 186 184 311
f 311 256 259
f 164 167 311
f 311 211 210
f 311 168 165
f 311 260 258
f 236 233 311
f 258 255 311
f 311 281 277
f 311 220 224
f 347 355 311
f 363 366 311
f 311 213 215
f 353 346 311
f 317 312 311
f 311 176 173
f 311 255 253
f 311 181 180
f 253 250 311
f 167 169 311
f 366 365 311
f 197 196 311
f 207 209 311
f 311 214 212
f 311 237 236
f 199 198 311
f 311 182 185
f 174 178 311
f 311 337 333
f 311 345 338
f 350 349 311
f 248 252 311
f 311 205 207
f 311 235 234
f 217 216 311
f 210 208 311
f 206 204 311
f 311 165 164
f 311 219 217
f 183 182 311
f 311 178 183
f 311 356 353
f 338 337 311
f 171 172 311
f 311 365 360
f 343 351 311
f 234 238 311
f 200 205 311
f 311 191 190
f 311 194 197
f 230 232 311
f 240 242 311
f 212 211 311
f 311 203 199
f 311 228 225
f 311 233 231
f 239 237 311
f 245 241 311
f 225 223 311
f 173 170 311
f 311 198 195
f 311 192 189
f 180 179 311
f 185 188 311
f 311 359 363
f 346 345 311
f 360 356 311
f 316 320 311
f 311 267 260
f 277 276 311
f 294 289 311
f 311 257 256
f 311 238 240
f 311 246 248
f 251 254 311
f 221 220 311
f 232 235 311
f 311 226 230
f 216 214 311
f 224 227 311
f 311 208 206
f 231 229 311
f 311 241 239
f 250 249 311
f 311 247 245
f 177 176 311
f 222 219 311
f 195 193 311
f 189 187 311
f 311 169 171
f 311 175 174
f 190 194 311
f 209 213 311
f 215 218 311
f 311 279 283
f 311 320 324
f 311 336 343
f 311 351 350
f 272 267 311
f 311 276 272
f 285 281 311
f 311 289 285
f 324 329 311
f 311 299 294
f 311 252 251
f 243 246 311
f 311 244 243
f 196 202 311
f 311 227 226
f 311 204 203
f 229 228 311
f 311 223 222
f 249 247 311
f 170 168 311
f 193 192 311
f 311 187 186
f 311 184 181
f 311 179 177
f 311 201 200
f 188 191 311
f 311 218 221
f 283 287 311
f 307 306 311
f 268 273 311
f 311 348 347
f 335 336 311
f 311 329 335
f 311 312 307
f 259 261 311
f 311 254 257
f 311 242 244
f 202 201 311
f 311 172 175
f 287 291 311
f 311 305 299
f 311 264 268
f 349 348 311
f 311 355 359
f 333 332 311
f 311 321 317
f 291 296 311
f 311 273 279
f 311 261 264
f 311 328 326
f 326 321 311
f 306 305 311
f 296 301 311
f 311 332 328
f 301 304 311
f 311 304 303
f 311 310 316
f 1532 1531 1687
f 1687 1531 1686
f 1334 1335 1209
f 1208 1334 1209
f 1623 1624 1473
f 1473 1624 1474
f 1772 1773 1626
f 1772 1626 1625

